-- phpMyAdmin SQL Dump
-- version 5.2.1
-- https://www.phpmyadmin.net/
--
-- Host: 127.0.0.1
-- Generation Time: Dec 16, 2023 at 07:55 AM
-- Server version: 10.4.28-MariaDB
-- PHP Version: 8.2.4

SET SQL_MODE = "NO_AUTO_VALUE_ON_ZERO";
START TRANSACTION;
SET time_zone = "+00:00";


/*!40101 SET @OLD_CHARACTER_SET_CLIENT=@@CHARACTER_SET_CLIENT */;
/*!40101 SET @OLD_CHARACTER_SET_RESULTS=@@CHARACTER_SET_RESULTS */;
/*!40101 SET @OLD_COLLATION_CONNECTION=@@COLLATION_CONNECTION */;
/*!40101 SET NAMES utf8mb4 */;

--
-- Database: `pink_pearl`
--

-- --------------------------------------------------------

--
-- Table structure for table `category`
--

CREATE TABLE `category` (
  `sub_category_id` int(11) NOT NULL,
  `main_category_id` int(11) DEFAULT NULL,
  `category_name` varchar(50) NOT NULL
) ENGINE=InnoDB DEFAULT CHARSET=utf8mb4 COLLATE=utf8mb4_general_ci;

--
-- Dumping data for table `category`
--

INSERT INTO `category` (`sub_category_id`, `main_category_id`, `category_name`) VALUES
(24, 1, 'Button down shirts'),
(25, 1, 'skirts'),
(26, 1, 'Pants'),
(27, 1, 'Blazers'),
(28, 2, 'Tops'),
(29, 2, 'Bottoms'),
(30, 2, 'Denim'),
(31, 2, 'T-shirts'),
(32, 2, 'Frocks'),
(33, 2, 'skirts'),
(34, 3, 'Kurties'),
(35, 3, 'Sarees'),
(36, 3, 'Frocks'),
(37, 3, 'Lehengas'),
(38, 5, 'shoes'),
(39, 5, 'Sneakers'),
(40, 5, 'Boots'),
(41, 5, 'Sandals'),
(42, 5, 'Slippers'),
(43, 5, 'Socks'),
(44, 4, 'Bags'),
(45, 4, 'Jewelry'),
(46, 4, 'Hats'),
(47, 4, 'Sun glasses'),
(48, 4, 'Watches'),
(49, 6, 'makeup'),
(50, 6, 'Skincare'),
(51, 6, 'hair care'),
(52, 6, 'Perfumes');

-- --------------------------------------------------------

--
-- Table structure for table `main_category`
--

CREATE TABLE `main_category` (
  `main_category_id` int(11) NOT NULL,
  `category_name` varchar(255) NOT NULL,
  `description` varchar(100) NOT NULL,
  `image_url` varchar(255) NOT NULL
) ENGINE=InnoDB DEFAULT CHARSET=utf8mb4 COLLATE=utf8mb4_general_ci;

--
-- Dumping data for table `main_category`
--

INSERT INTO `main_category` (`main_category_id`, `category_name`, `description`, `image_url`) VALUES
(1, 'Office wear', 'Work in Style', 'officewear.webp'),
(2, 'Casual wear', 'Comfy | Unique | Stylish', 'casualwear.webp'),
(3, 'Party wear', 'Unleash your style and shine at every event', 'partywear.jpeg'),
(4, 'Accessories', 'Discover a world of trendy accessories', 'accessories.jpg'),
(5, 'Foot wear', 'Find your own way', 'foot.jpg'),
(6, 'Beauty', 'Enhance your natural beauty', 'beauty.webp');

-- --------------------------------------------------------

--
-- Table structure for table `messages`
--

CREATE TABLE `messages` (
  `message_id` int(11) NOT NULL,
  `name` varchar(20) NOT NULL,
  `email` varchar(25) NOT NULL,
  `message` text NOT NULL,
  `date` datetime NOT NULL DEFAULT current_timestamp()
) ENGINE=InnoDB DEFAULT CHARSET=utf8mb4 COLLATE=utf8mb4_general_ci;

--
-- Dumping data for table `messages`
--

INSERT INTO `messages` (`message_id`, `name`, `email`, `message`, `date`) VALUES
(1, 'kavin', 'kavin@gmail.com', 'Hello! I\'m interested in the ladies gold platted necklace set from your collection. Could you please let me know if it\'s currently in stock?', '2023-11-30 14:40:53'),
(2, 'keerthana', 'keer@gmail.com', 'Hi there! I love your designs, but I\'m unsure about sizing. Do you have a size guide available or any recommendations for tops?', '2023-11-30 14:43:50'),
(4, 'tae', 'tae@gmail.com', 'Hello, I\'m considering making a purchase but wanted to understand your return or exchange policy. Could you provide me with more details?', '2023-11-30 15:32:39'),
(5, 'kamal', 'kamal@gmail.com', 'Hi! I\'m a fashion influencer/ blogger and would love to collaborate with your brand. Are you currently open to partnerships or collaborations?', '2023-11-30 15:35:57'),
(6, 'abiram', 'abi@gmail.com', 'Hello! Just wanted to express how much I adore your recent collection. The attention to detail is stunning! Keep up the fantastic work.', '2023-11-30 15:59:14'),
(9, 'Mohan', 'mohan123@yahoo.com', 'Greetings! I\'m interested in purchasing your products in bulk/wholesale for my boutique. Can you provide information on wholesale pricing and minimum order quantities?', '2023-12-01 20:45:45');

-- --------------------------------------------------------

--
-- Table structure for table `order_items`
--

CREATE TABLE `order_items` (
  `order_item_id` int(11) NOT NULL,
  `order_id` int(11) NOT NULL,
  `product_id` int(11) NOT NULL,
  `quantity` int(11) NOT NULL,
  `size_id` int(11) NOT NULL,
  `color_id` int(11) NOT NULL,
  `amount` float(10,2) NOT NULL
) ENGINE=InnoDB DEFAULT CHARSET=utf8mb4 COLLATE=utf8mb4_general_ci;

--
-- Dumping data for table `order_items`
--

INSERT INTO `order_items` (`order_item_id`, `order_id`, `product_id`, `quantity`, `size_id`, `color_id`, `amount`) VALUES
(10003, 10003, 1009, 3, 3, 5, 10500.00),
(10004, 10004, 1000, 2, 3, 5, 2519.96),
(10005, 10005, 1016, 1, 3, 6, 2800.00),
(10006, 10005, 1011, 2, 3, 5, 9047.12),
(10007, 10005, 1000, 1, 3, 5, 1259.98),
(10008, 10005, 1006, 2, 3, 6, 1895.12),
(10009, 10006, 1011, 4, 3, 5, 18094.24),
(10010, 10007, 1047, 3, 3, 9, 6495.00),
(10011, 10008, 1001, 2, 3, 4, 4000.00),
(10012, 10008, 1042, 1, 3, 9, 890.00),
(10013, 10008, 1043, 1, 3, 9, 1485.00),
(10014, 10008, 1003, 1, 3, 3, 1456.25),
(10015, 10009, 1079, 2, 3, 3, 10350.00);

-- --------------------------------------------------------

--
-- Table structure for table `order_shipping`
--

CREATE TABLE `order_shipping` (
  `shipping_id` int(11) NOT NULL,
  `order_id` int(11) NOT NULL,
  `first_name` varchar(50) NOT NULL,
  `last_name` varchar(50) NOT NULL,
  `email` varchar(150) NOT NULL,
  `phone` varchar(15) NOT NULL,
  `district` varchar(50) NOT NULL,
  `postal_code` int(11) NOT NULL,
  `city` varchar(50) NOT NULL,
  `address_line1` text NOT NULL,
  `address_line2` text NOT NULL DEFAULT 'none'
) ENGINE=InnoDB DEFAULT CHARSET=utf8mb4 COLLATE=utf8mb4_general_ci;

--
-- Dumping data for table `order_shipping`
--

INSERT INTO `order_shipping` (`shipping_id`, `order_id`, `first_name`, `last_name`, `email`, `phone`, `district`, `postal_code`, `city`, `address_line1`, `address_line2`) VALUES
(8, 10003, 'Mary', 'Jack', 'mary@gmail.com', '0785463589', 'Colombo', 12000, 'kelaniya', '123, lotus street, lotus', ''),
(9, 10004, 'Mary', 'Jack', 'mary@gmail.com', '0785463589', 'gampaha', 12000, 'kelaniya', '123, lotus street, lotus', ''),
(10, 10005, 'Mary', 'ganesh', 'mary@gmail.com', '0785463589', 'Colombo', 12000, 'kelaniya', '123, lotus street, lotus', ''),
(11, 10006, 'Mary', 'Jack', 'mary@gmail.com', '0725896354', 'gampaha', 12000, 'kelaniya', '123, lilly street, lilly', ''),
(12, 10007, 'Monal', 'Ravichandar', 'Monal@gmail.com', '0789654125', 'Jaffna', 4569, 'Jaffna', '123, lotus street, lotus', ''),
(13, 10008, 'Mary', 'Jack', 'mary@gmail.com', '0725896354', 'gampaha', 11507, 'lotus', '123, lilly street, lilly', ''),
(14, 10009, 'Alex', 'Bravo', 'alex@gmail.com', '0785412596', 'Colombo', 11500, 'kelaniya', '123, lotus street, lotus', '');

-- --------------------------------------------------------

--
-- Table structure for table `placed_order`
--

CREATE TABLE `placed_order` (
  `order_id` int(11) NOT NULL,
  `user_id` int(11) NOT NULL,
  `date` datetime NOT NULL DEFAULT current_timestamp(),
  `total_amount` float(10,2) NOT NULL,
  `payment_method` varchar(150) NOT NULL,
  `status` varchar(50) NOT NULL DEFAULT 'pending'
) ENGINE=InnoDB DEFAULT CHARSET=utf8mb4 COLLATE=utf8mb4_general_ci;

--
-- Dumping data for table `placed_order`
--

INSERT INTO `placed_order` (`order_id`, `user_id`, `date`, `total_amount`, `payment_method`, `status`) VALUES
(10003, 123456, '2023-12-02 18:52:54', 10550.00, 'cash at delivary', 'shipped'),
(10004, 123456, '2023-11-02 18:59:10', 2569.96, 'cash at delivary', 'delivered'),
(10005, 123456, '2023-12-04 09:19:53', 15002.22, 'credit card/debit card', 'shipped'),
(10006, 123456, '2023-12-05 19:18:29', 18144.24, 'cash at delivary', 'delivered'),
(10007, 123466, '2023-12-07 15:31:34', 6495.00, 'credit card/debit card', 'pending'),
(10008, 123456, '2023-12-10 08:39:26', 7931.25, 'cash at delivary', 'pending'),
(10009, 123468, '2023-12-14 08:52:31', 10350.00, 'credit card/debit card', 'pending');

-- --------------------------------------------------------

--
-- Table structure for table `products`
--

CREATE TABLE `products` (
  `product_id` int(11) NOT NULL,
  `product_name` varchar(250) NOT NULL,
  `price` float(10,2) NOT NULL,
  `description` varchar(255) NOT NULL,
  `image_url` text NOT NULL,
  `reg_date` date NOT NULL DEFAULT current_timestamp()
) ENGINE=InnoDB DEFAULT CHARSET=utf8mb4 COLLATE=utf8mb4_general_ci;

--
-- Dumping data for table `products`
--

INSERT INTO `products` (`product_id`, `product_name`, `price`, `description`, `image_url`, `reg_date`) VALUES
(1000, 'Ladies printed hand bag', 1259.98, 'High quality PU leather ladies printd hand bag set with closer type zipper.', 'bag1.jpg', '2023-11-28'),
(1001, 'Women Emproidery hand bag ', 2000.00, 'Fahion Woman handbags; tassel pu leathered Totes bag; top-handle embroidery  crossbody bag; shoulder bag lady simple style hand bags.', 'bag2.webp', '2023-11-28'),
(1002, 'Women shoulder bag ', 1500.25, 'perfect shopping, dating, commuting, travelling, parties, work and more.', 'bag3.jpg', '2023-11-28'),
(1003, 'mini stylish leather bag', 1456.25, 'For ladies girl woman shoulder box sling bag branded purse collage office shoppping travel birthday gift', 'bag4.jpg', '2023-11-28'),
(1004, 'shoulder bag for women', 1999.90, 'For ladies girl woman shoulder box sling bag branded purse collage office shoppping travel birthday gift', 'bag5.webp', '2023-11-28'),
(1005, 'foldable women cap', 1159.98, 'summer sun hats, woman caps wide brim hat, ladies sun visor cap aniti sun protection foldable roll up floopy hat beach, travel, outdoor', 'hat1.jpg', '2023-11-28'),
(1006, 'ladies sun hat', 947.56, 'perfect accessory for any sunny outdoor adventure. lightweight, packable, hand washable and laminated to block 80% of the sun rays', 'hat2.jpg', '2023-11-28'),
(1007, 'hat with bow and travel bag', 1486.36, 'black and white open back folding ladies hat with bow and travel bag', 'hat3.jpg', '2023-11-28'),
(1008, 'ladies fascinators milinary hat church', 2000.00, 'ladies fascinators milinary hat church wide brim bucket hats shopping organza hat woman summaer beach foldable sun cap', 'hat4.jpg', '2023-11-28'),
(1009, 'ladies jewel set', 3500.00, 'women pearl studded chocker necklace jewellary set with earings', 'jewel1.jpg', '2023-11-28'),
(1010, 'ladies jewel set', 5947.56, 'gold plated necklace set designer necklace set traditional necklace set enhance the ultra beauty factor', 'jewel2.png', '2023-11-28'),
(1011, 'ladies gold platted necklace set', 4523.56, 'new infinity cross crystal dangle earrings necklace sets bridal wedding party fine jewellary set', 'jewel3.jpg', '2023-11-28'),
(1012, 'ladies gold platted necklace set', 4523.56, 'new women heart shaped and gold plated big size pendent necklace set', 'jewel4.jpg', '2023-11-28'),
(1013, 'alluring brass jewellary set', 4895.60, 'an alluring brass jewellary set featuring tulip motfis. yellow gold plated enmelled and embellished with white pearis.', 'jewel5.webp', '2023-11-28'),
(1014, 'casio enitcer ladies watch', 1869.25, 'leather band minieral glass water resistant regular time keeping 3 hands', 'watch5.jpg', '2023-11-28'),
(1015, 'ladies watch', 2750.00, 'tungusten steel band material minieral glass water resistant regular time keeping 3 hands', 'watch1.jpg', '2023-11-28'),
(1016, 'ladies watch', 2800.00, 'leather band minieral glass water resistant regular time keeping 3 hands', 'watch2.jpg', '2023-11-28'),
(1017, 'ladies watch', 3010.75, 'leather band material minieral glass water resistant regular time keeping 3 hands', 'watch3.jpg', '2023-11-28'),
(1018, 'women bracelet watch', 3999.99, 'leather strap rhinestone quartz wrist watch luxaury fashion quartz watch for women', 'watch4.jpg', '2023-11-28'),
(1019, 'polarized sunglasses', 999.99, 'polarized sunglasses for women, rhine stome bling oval sun glasses for driving /shopping uv protection shades', 'sunglass1.jpg', '2023-11-28'),
(1020, 'women sunglasses', 1299.99, 'plastic frame cat eye butterfly shar glasses nylon lens no polarized', 'sunglass2.jpg', '2023-11-28'),
(1021, 'UV protection sunglasses', 1299.99, 'plastic frame cat eye butterfly shar glasses nylon lens no polarized', 'sunglass3.jpg', '2023-11-28'),
(1030, 'LONDON BEAUTY SILK SAREES', 11300.00, 'Saree: Fabric- Banarasi Silk Blouse: Fabric- Banarasi', 'Saree1.jpeg', '2023-12-04'),
(1032, 'KUMBHI GRAND WOMEN SILK DESIGNER SAREE', 5700.00, 'Saree: Fabric- Banarasi Silk Blouse: Fabric- Silk Blend', 'Saree2.jpg', '2023-12-04'),
(1033, 'WOVEN BLENDED COTTON SAREE', 5700.00, 'Saree : Fabric- Blended Cotton Blouse: Fabric- Cotton', 'Saree3.jpeg', '2023-12-04'),
(1034, 'BENGAL HANDLOOM PURE COTTON BEGUMPURI SAREE', 3500.00, 'Saree: Fabric- Cotton Blouse: Fabric- Cotton', 'Saree4.1.jpg', '2023-12-04'),
(1035, 'CeraVe Body Wash', 13850.00, 'CeraVe Body Wash with Salicylic Acid | Fragrance Free Body Wash to Exfoliate Rough and Bumpy Skin | Allergy Tested | 10 Ounce', 'skincare1.jpg', '2023-12-07'),
(1036, 'Aveeno Baby Eczema Care Night Time Balm 311g', 14740.50, 'This breakthrough eczema balm provides baby with immediate and long-lasting relief from irritated, itchy skin due to eczema. Made with colloidal oatmeal and ceramide.', 'skincare2.webp', '2023-12-07'),
(1037, 'Himalaya Purifying Neem Face Wash 100ml', 1320.60, 'Himalaya\'s Purifying Neem Face Wash is a soap-free, herbal formulation that cleans impurities and helps clear pimples. A natural blend of Neem and Turmeric', 'skincare3.webp', '2023-12-07'),
(1038, 'L\'Oreal Aura Perfect Extraordinary Whip Facial Foam 100ml', 2697.00, 'Powerful facial cleanser whitening and refreshing skin care. Very soft textured milk with plenty of foaming when contact with water.', 'skincare4.webp', '2023-12-07'),
(1039, 'Neutrogena Clear & Soothe Moisturiser 75ml\r\n', 3420.00, 'This moisturiser instantly hydrates to soothe and replenish moisture.\r\nDermatologist tested,Hydrates & calms,stressed skin,Non-staining,Non-comedogenic,75ml\r\n', 'skincare5.webp', '2023-12-07'),
(1040, 'Seren London Vegan Full Volume Mascara With Argan Oil', 1395.00, 'Unique formula with Argan Oil instantly nourishes, lengthens, volumises, lifts and curls lashes. The precision brush promises truly exaggerated lashes. Eyes appear wider and more defined.', 'makeup1.webp', '2023-12-07'),
(1041, 'Seren London Hypoallergenic Series Professional Eyebrow Pencil Black Brown', 890.00, 'Intensely Pigmented Eyebrow Pencil With Vitamin E.', 'makeup2.webp', '2023-12-07'),
(1042, 'Seren London Hypoallergenic Series Long Lasting Lip Liner - Spice', 890.00, 'Long-lasting colour with a delicate consistency to create a professional look at home. Applies evenly and easily.', 'makeup3.webp', '2023-12-07'),
(1043, 'Seren London Volumizing Lift & Curl Mascara', 1485.00, 'Unique vegan formula instantly lifts, volumize and curls lashes. The innovative curved brush promises truly exaggerated super curl and defined eye lashes.', 'makeup4.webp', '2023-12-07'),
(1044, 'Seren London Pro Hybrid Gel Nail Builder Base', 1786.00, 'Seren London Gel Nail Builder 9ml', 'makeup5.webp', '2023-12-07'),
(1045, 'Vatika Cactus & Gergir Hair Fall Control Shampoo 400ml', 2150.00, 'This shampoo is specifically meant for Anti-Breakage. This contains cactus, and Gergir for strengthening and nourishing breaking, weak hair.', 'haircare1.webp', '2023-12-07'),
(1046, 'Garnier Ultimate Blends Coconut Milk Dry Hair Shampoo 400ml', 2650.00, 'Ultimate remedy for nourished, soft and supple hair. The Wholesome Nourisher is enriched with natural extracts of coconut milk & macadamia nut oil for dry hair.', 'haircare2.webp', '2023-12-07'),
(1047, 'Palmolive Aloe Vera Silk Shine Effect Shampoo 350ml', 2165.00, 'Palmolive Silky Shine Effect Shampoo is balanced care developed for normal hair.The silky formula contains silk proteins & extracts of 100% natural origin of olive and aloe vera, known for its hydrating properties.', 'haircare3.webp', '2023-12-07'),
(1048, 'TRESemme Colour Shineplex Shampoo 400ml', 2160.00, 'The shampoo is designed to gently cleanse the hair without stripping colour and shine. Our professional-quality formula is enriched with luxurious camellia oil, known for its regenerative properties', 'haircare4.webp', '2023-12-07'),
(1049, 'TRESemme Colour Shineplex Conditioner 400ml', 2750.00, 'TRESemmé Pro Collection Colour Shineplex conditioner that is part of our first ever sulphate free system. Using a patented blend of two silicones that distribute evenly over the hair fibre for smooth and moisturized hair.', 'haircare5.webp', '2023-12-07'),
(1050, 'AVON little black dress Party Eau De Perfume Spray 50ml', 8700.00, 'AVON little black dress Party Eau De Perfume Spray 50ml is perfect fragrance to set the festive mood. The oriental and fruity fragrance offers a striking scent. It’s a mix of sophisticated florals, sensual fruits and rich woods.', 'perfume1.jpg', '2023-12-07'),
(1051, 'AVON Imari Corset Eau De Perfume Spray 50ml', 6700.00, 'A perfect fragrance for women created with sensual cocoa butter, blended with velvet sandalwood and notes of leather. It’s time to embrace your curves and elegant femininity. The fragrance is truly alluring and captivating.', 'perfume2.jpg', '2023-12-07'),
(1052, 'AVON Today Eau De Toilette 50ml', 8750.00, 'AVON Eau De Toilette 50ml is a captivating fragrance that is perfect for women who want to embrace their desires and awaken their passions', 'perfume3.jpg', '2023-12-07'),
(1053, 'RASASI Royale Eau De Femme Perfume 75ml', 7125.00, 'Buy original RASASI Royale Perfume 75ml in Sri Lanka at Cosmetics.lk (Best price & Best quality perfumes in Sri Lanka). Making it the perfect choice for women who desire an enchanting and long-lasting fragrance.', 'perfume4.jpg', '2023-12-07'),
(1054, 'RASASI in Love Forever EDP Perfume for Women 80ml ', 13500.00, 'Buy original RASASI While in Love Forever perfume for Women 80ml, in Sri Lanka at cosmetics.l for an unforgettable scent that lingers in the hearts of those you love.', 'perfume5.jpg', '2023-12-07'),
(1055, 'RANI SILK SAREES', 8000.00, 'Saree: Fabric- Banarasi Silk Blouse: Fabric- Banarasi', 'Saree5.jpg', '2023-12-10'),
(1056, 'COTTON BLEND GOLDEN ZARI BUTTA WOVEN MAHESHWARI SAREE', 6799.00, 'Saree : Fabric- Blended Cotton Blouse : Fabric- Blended Cotton', 'Saree6.jpeg', '2023-12-10'),
(1057, 'TRADITIONAL MAHESHWAR SILK PEACH COLOUR ETHNIC SAREE', 15499.00, 'Saree: Fabric- Silk Blend Blouse: Fabric- Silk Blend', 'Saree7.jpg', '2023-12-10'),
(1058, 'WINE EMBROIDERED GEORGETTE SAREE', 14500.00, 'Saree: Fabric- Georgette Blouse: Fabric- Raw Silk', 'Saree8.jpeg', '2023-12-10'),
(1059, 'WOMENS DESIGNER LINEN TISSUE SAREE', 13599.00, 'Saree: Fabric- Linen Blouse: Fabric- Linen', 'Saree9.2.jpg', '2023-12-10'),
(1060, 'COTTON ART SILK SAREE', 4000.00, 'Saree: Fabric- Banarasi Silk Blouse: Fabric- Banarasi Silk', 'Saree10.1.jpg', '2023-12-10'),
(1061, 'Silk Anarkali Suit With Churidar', 15499.00, 'Exhibiting an elegant embroidery and stitch detailing, this silk anarkali suit which will add oodles of charm to your special ethnic look.\r\nThis round neck and full sleeve wedding wear dress highlighted with stone work and zari work.\r\nChuridar is plain.\r\n', 'PartyFrocks1.jpg\r\n', '2023-12-10'),
(1063, 'Net Frock Style Anarkali Suit', 9699.00, 'This round neck and 3/4th sleeve clothe prettified with dori work.\r\nCompleted with santoon/lycra churidar in navy blue color with navy blue net dupatta.\r\nChuridar has plain work.\r\nDupatta perfectly formed using dori work.\r\n', 'PartyFrocks3.jpg', '2023-12-10'),
(1064, 'Net Sequined Worked Anarkali Suit', 12200.00, 'This round neck and full sleeve party wear anarkali suit is designed with resham thread and sequins work.\r\nPaired with lycra churidar in purple color with purple net dupatta.\r\nDupatta elaborated using resham thread and sequins work.\r\n', 'PartyFrocks4.jpg', '2023-12-10'),
(1065, 'Georgette Embroidered Anarkali Suit', 18000.00, 'This scallop neck and full sleeve wedding wear dress is highlighted with stone, faux mirror, resham thread and sequins embroidery. Teamed up with santoon/lycra churidar in light beige color with light beige georgette dupatta.', 'PartyFrocks5.jpg', '2023-12-10'),
(1066, 'Wedding Wear Anarkali Suit', 14000.00, 'This Chinese collar neck and full sleeve party wear Bangalori silk suit is plain and paired with resham thread and zari worked jacket.', 'PartyFrocks6.jpg', '2023-12-10'),
(1067, 'Embroidered Anarkali Suit With Churidar', 11399.00, 'Round neck and full sleeve suit is embroidered with dori and sequins work.\r\nChuridar is plain.\r\nDupatta is perfectly formed using dori work and sequins work.', 'PartyFrocks7.jpg', '2023-12-10'),
(1068, 'Thread Embroidered Anarkali Suit', 14000.00, 'This round neck and full sleeve anarkali gown prettified with zari, stone and thread work.\r\nAlong with santoon churidar in teal blue color with teal blue net dupatta.', 'PartyFrocks9.jpg', '2023-12-10'),
(1069, 'Embroidered Georgette Anarkali', 10199.00, 'This Round neck and Full Sleeves Party Wear Attire highlighted with zari and stone work. Lehenga has Zari and Stone work. Dupatta highlighted with Zari and Stone Work.', 'PartyFrocks8.jpg', '2023-12-10'),
(1070, 'Velvet Dori Embroidered Anarkali Suit', 16679.00, 'This round neck and full sleeve suit perfectly formed using zari, dori and sequins work. Present with santoon churidar in dark blue color with off white net dupatta. Churidar is plain and dupatta designed using lace and stone work.', 'PartyFrocks10.jpg', '2023-12-10'),
(1071, 'Embroidered Georgette Lehenga', 15200.00, 'Category : Lehenga Choli Type : Lehenga Choli Occasion :Wedding, Party Wear, Bridesmaid, Guest Wedding Wear, Festival, Sangeet Material :Georgetternrn', 'Lehenga01.jpg', '2023-12-10'),
(1072, 'Organza Embroidered Bridesmaid Lehenga', 32000.00, 'Category : Lehenga Choli Type : Lehenga Choli Style :A LinernOccasion :Wedding, Party Wear, Bridesmaid, Guest Wedding Wear, Festival, Sangeet Material :Tissuern', 'Lehenga02.webp', '2023-12-10'),
(1073, 'Georgette Embroidered Lehenga', 22000.00, 'Category : Lehenga Choli Type : Lehenga Choli Style :A Line, Floor Length Occasion :Wedding, Party Wear, Bridesmaid, Guest Wedding Wear, Festival, Sangeet Material :Georgette', 'Lehenga03.webp', '2023-12-10'),
(1074, 'Net Lehenga', 26000.00, 'Category : Lehenga Choli Type : Lehenga Choli Style :A LinernOccasion :Wedding, Party Wear, Bridesmaid, Guest Wedding Wear, Festival, Sangeet Material :Net Work :Dori Work, Stone Work, Zari Workrn', 'Lehenga04.webp', '2023-12-10'),
(1075, 'Georgette Sequins Embroidered Lehenga', 48000.00, 'Category : Lehenga Choli Type : Lehenga CholirnStyle :A Line Occasion :Wedding, Party Wear, Bridesmaid, Guest Wedding Wear, Mehndi, Festival Material :GeorgetternWork :Sequins Work, Resham Work Thread Work', 'Lehenga05.webp', '2023-12-10'),
(1076, 'Party Wear Georgette Embroidered Lehenga Choli', 17299.00, 'Type :Embroidered Lehenga Style :A Line rnOccasion :Wedding Wear, Party Wear, Guest of Wedding Wear, Sangeet  Fabric :Lehenga - Georgette, Blouse - Georgette, Dupatta - Net', 'Lehenga06.jpg', '2023-12-10'),
(1077, 'Lavender Pink Georgette Lehenga Set With Multicolor Embellishments', 26499.00, 'Type :Embroidered Lehenga Style :A Line Floor Length rnOccasion :Wedding Wear, Party Wear, Bridesmaid Wear, Guest of Wedding Wear, Sangeet, Engagement Fabric :Lehenga - Georgette, Blouse - Georgette, ', 'Lehenga07.webp', '2023-12-10'),
(1078, 'Straight Kurti Pant with Dupatta Set ', 6499.00, 'Kari Gold Half Collar Kurta, Three Quarter Sleeves, Gota Detailing, Comes With A Pair Of Pleated White Palazzo Pants.', 'Kurti01.jpg\r\n', '2023-12-10'),
(1079, 'EMBROIDERY POLKA PRINTED KURTI WITH PANT FOR WOMEN', 5175.00, 'Fabric: Rayon Bottom Color: White Work On Top: Embroidery Work Pattern: Printed Neck Type: Round Neck Sleeve Length: Third Quarter Kurti Length: Knee Length', 'Kurti02.png', '2023-12-10'),
(1080, 'TEAL EMBROIDERED CHANDERI SILK SALWAR STITCHED', 11680.00, 'Vrede Vogel Chanderi Modal Women Flare Kurta And Trouser Dupatta Set With Coding Embroidery Work, Flare Silk Kurta Trouser & Dupatta Has A Round Neck, 3/4 Sleeve, And Side Slit. ', 'Kurti03.jpeg', '2023-12-10'),
(1081, 'EMBROIDERED SEQUINE WORK KURTA AND PALAAZO SET WITH NET DUPATTA ', 8900.00, 'Fit Type: Straight. Kurta Set Fabric: Chanderi Cotton  Inner Fabric: Shantoon  Dupatta Fabric: Net  Length: Knee Length Sleeves: &frac34; Sleeves  Dupatta Length: 2.10 Metersrn', 'Kurti04.jpg', '2023-12-10'),
(1082, 'JACQUARD COTTON SILK SALWAR STITCHED', 7200.00, 'Vrede Vogel Cotton Silk Jacquard Kurta Pant With Chanderi Silk Dupatta, Straight Cotton Kurta Pant & Dupatta Has A Round Neck, 3/4 Sleeve, Straight Hem, And Side Slit. ', 'Kurti05.jpeg', '2023-12-10'),
(1083, 'EMBROIDERED COTTON KURTA-SUITS', 6300.00, 'Kurta Design: Ethnic Yoke Design,Straight Shape,Round Neck,Three Quarter Regular Sleeves.\r\nPalazzos Design: Solid Palazzos With Printed Hem Partially Elasticated Waistband Slip On Closure.\r\nDupatta Design: Block Printed Pattern Hand Block Printed Border M', 'Kurti06.jpg', '2023-12-10'),
(1084, 'RAYON LEHERIYA PRINTED FLARED ANARKALI KURTI', 11625.00, 'Fabric: RayonrnWork: PrintedrnType: Kurta Suits , Stripes PrintrnWITH PANT &amp; NAZMIN DUPATTA SETrnSleeve: Quarter SleevernNeck Style: U Neck', 'Kurti07.jpg', '2023-12-10'),
(2022, 'NET METERIAL BUTTON DOWN BLOUSE', 1850.00, 'NET METERIAL BUTTON DOWN BLOUSE NET SHAPES ARE SQUARE', 'blouse1.jpeg', '2023-12-16'),
(2023, 'button down blouse', 2450.00, 'office wear with neck close blouse', 'blouse2.webp', '2023-12-16'),
(2024, 'full sleeve office blouse', 2500.00, 'classic-womens-long-sleeve-shirt-with-button-down-collar-denim-look-blue', 'blouse3.jpeg', '2023-12-16'),
(2025, 'classic button down shirt', 1950.00, 'The classic button down shirt pattern has a collar and full-length button opening at the front', 'blouse4.jpg', '2023-12-16'),
(2026, 'Silk Green Long Sleeves', 2800.00, ' 100% Pure Silk Green Long Sleeves Button Down Shirt ', 'blouse5.jpg', '2023-12-16'),
(2027, 'pencil skirt for official  ', 1650.00, 'Feel certain on your work excursions and high-profile gatherings as you rock these stunning looks.', 'skirt1.jpg', '2023-12-16'),
(2028, 'vitage style', 2200.00, 'Knit Pencil Skirt Women Plus Size High Waist Skirts Womens Knited Split Midi Skirt Women Aut', 'skirt2.jpg', '2023-12-16'),
(2029, 'Curves Red Check Mini Tube Skirt', 1850.00, 'Add a tartan pattern to your autumn/winter edit with this red mini tube skirt, decorated in a classic check print. Wear with a chunky knit, opaque tights and lace-up boots for a winning cold-weather fit', 'skirt3.jpg', '2023-12-16'),
(2030, 'Pencil Skirt with Side Slit', 2800.00, 'Knit Pencil Skirt Women Plus Size High Waist Skirts Womens Knited Split Midi Skirt Women Aut', 'skirt4.jpeg', '2023-12-16'),
(2031, ' mini skirt', 1500.00, 'The fabric of this mini skirt is very soft and silky.These skirt goes well with any blouse,tshirt,pattern dresses,top,tee,tshirt. ', 'skirt5.jpeg', '2023-12-16'),
(2069, 'Black Crossover Pant', 3600.00, 'Chic black everyday pants with side button closure and tapered leg\r\n\r\n', 'pants1.jpeg', '2023-12-16'),
(2070, 'Grianlook', 6000.00, 'Grianlook Womens Work Dress Pants Office Business Casual Slacks Ladies Regular Straight Leg Trousers with Pockets Light Gray M', 'pants2.jpeg', '2023-12-16'),
(2071, 'women\'s pants ', 4600.00, 'women\'s pants for dressy or casual occasions. You\'ll find a variety of material from silk to linen. Browse Anthropologie today for your pair.', 'pants3.webp', '2023-12-16'),
(2072, 'Pleated trousers', 4200.00, 'Experience the perfect blend of comfort and style with our versatile dress pants. Designed for the modern individual, these pants feature a contemporary cut and stretchable fabric for all-day comfort', 'pants4.jpg', '2023-12-16'),
(2073, 'dressy pants', 5500.00, 'women\'s pants for dressy or casual occasions. You\'ll find a variety of material from silk to linen. Browse Anthropologie today for your pair.', 'pants5.jpeg', '2023-12-16'),
(2074, 'Slim Fit Tweed Blazer', 8000.00, 'The slim fit tweed blazer combines a modern silhouette with a classic fabric. Made from durable tweed, it provides a textured and rugged appearance', 'blaz1.webp', '2023-12-16'),
(2075, 'Printed Floral Blazer', 10000.00, 'Description: For those who want to make a bold fashion statement, the printed floral blazer is an eye-catching choice. Featuring vibrant floral patterns, this blazer is perfect for spring and summer events.', 'blaz2.jpg', '2023-12-16'),
(2076, 'Corduroy Casual Blazer', 6800.00, 'The corduroy casual blazer provides a relaxed and comfortable option for informal settings', 'blaz3.jpg', '2023-12-16'),
(2077, 'Military-Inspired Blazer', 7600.00, 'Drawing inspiration from military uniforms, the military-inspired blazer is characterized by its structured silhouette and distinctive details such as brass buttons and epaulettes', 'blaz4.jpeg', '2023-12-16'),
(2078, 'Double-Breasted Velvet Blazer', 9500.00, 'A luxurious and sophisticated option, the double-breasted velvet blazer adds a touch of opulence to any outfit.', 'blaz5.jpeg', '2023-12-16'),
(2079, 'Effortless Boho-Chic Blouse', 2500.00, 'Embrace a carefree yet stylish vibe with our boho-chic blouse. Crafted from lightweight and breathable fabric, this top features loose sleeves, delicate embroidery, and a relaxed fit', 'cblouse1.webp', '2023-12-16'),
(2080, 'Whimsical Weekend Flutter Top', 2200.00, '   Make a statement with our playful off-shoulder top featuring vibrant stripes. This trendy top is designed to showcase your shoulders while offering a comfortable and relaxed fit', 'cblouse2.jpg', '2023-12-16'),
(2081, 'Playful Striped Off-Shoulder Top', 2850.00, 'Embrace a carefree yet stylish vibe with our boho-chic blouse. Crafted from lightweight and breathable fabric, this top features loose sleeves, delicate embroidery, and a relaxed fit', 'cblouse3.webp', '2023-12-16'),
(2082, 'Cozy Oversized Knit ', 2450.00, 'Stay warm and stylish with our cozy oversized knit sweater. Perfect for chilly days, this sweater features a relaxed fit and a soft, chunky knit for maximum comfort', 'cblouse4.jpeg', '2023-12-16'),
(2083, 'Retreat Hooded Tunic', 2800.00, 'Embrace the athleisure trend with our sporty hoodie, blending style and functionality seamlessly. Constructed from high-quality, moisture-wicking fabric, this hoodie is perfect for your active lifestyle', 'cblouse5.webp', '2023-12-16'),
(2084, 'Leisure Linen Lounge Pants', 3650.00, 'Embrace comfort and style with our Leisure Linen Lounge Pants. Crafted from lightweight linen, these pants offer a relaxed fit, making them perfect for lounging at home or casual outings', 'cpants.jpg', '2023-12-16'),
(2085, 'Weekend Wanderer Cargo ', 4200.00, '   Stay ready for adventure with our Weekend Wanderer Cargo Shorts. These versatile shorts feature ample pocket space for your essentials and a comfortable fit for all-day wear', 'cpants1.jpg', '2023-12-16'),
(2086, 'Chic and Comfy Culottes', 4600.00, 'Elevate your casual wardrobe with our Chic and Comfy Culottes. The wide-leg silhouette adds a touch of sophistication, while the stretchy fabric ensures comfort', 'cpants4.jpeg', '2023-12-16'),
(2087, 'Urban Edge Skinny Joggers', 2570.00, 'Infuse an urban edge into your casual wardrobe with our Urban Edge Skinny Joggers. These joggers offer a modern silhouette with a snug fit, making them a stylish choice for your active lifestyle or casual streetwear', 'cpants2.jpeg', '2023-12-16'),
(2088, 'Streetwise Straight-Leg Chinos', 3650.00, '   Achieve a polished yet laid-back look with our Streetwise Straight-Leg Chinos. The classic chino style meets modern streetwear with a straight-leg cut, offering versatility for both casual and semi-formal occasions', 'cpants5.webp', '2023-12-16'),
(2089, 'Ease Bermuda pants', 5400.00, 'Experience the best of both worlds with our Denim Dream Easy-Fit Jeans. These jeans combine the timeless appeal of denim with a relaxed fit, providing comfort without compromising style', 'cpants6.jpeg', '2023-12-16'),
(2090, 'Weekend Escape Denim Skirt', 3600.00, 'Experience laid-back chic with our Weekend Escape Denim Skirt. This versatile piece adds a touch of casual elegance to your wardrobe, combining the timeless appeal of denim with a flattering silhouette. ', 'cskirt1.jpeg', '2023-12-16'),
(2091, 'Breezy Day A-Line Skirt', 4000.00, 'Embrace the carefree spirit with our Breezy Day A-Line Skirt. Crafted from lightweight fabric, this skirt features a flowing silhouette that flatters every figure', 'cskirt2.webp', '2023-12-16'),
(2092, 'Floral Bloom Pleated Midi Skirt', 2250.00, 'Embrace feminine charm with our Floral Bloom Pleated Midi Skirt. The pleated design and floral pattern create a timeless and elegant look', 'cskirt3.jpeg', '2023-12-16'),
(2093, 'Cityscape Pleated Mini Skirt', 1950.00, 'Make a statement with our Cityscape Pleated Mini Skirt. The modern pleated design and mini length add a contemporary edge to your casual wardrobe', 'cskirt4.webp', '2023-12-16'),
(2094, 'Seaside Breeze Maxi Skirt', 2850.00, 'Embrace effortless elegance with our Seaside Breeze Maxi Skirt. The flowing silhouette and lightweight fabric evoke a sense of easygoing charm', 'cskirt5.jpeg', '2023-12-16'),
(2095, 'Casual Friday Pencil Skirt', 3650.00, 'Transition from work to play with our Casual Friday Pencil Skirt. The sleek and versatile design makes it an ideal choice for both professional settings and casual outings', 'cskirt6.webp', '2023-12-16'),
(2096, 'Flower Bloom mini Skirt', 4250.00, '   Embrace feminine charm with our Floral Bloom Pleated Midi Skirt. The pleated design and floral pattern create a timeless and elegant look', 'cskirt7.jpg', '2023-12-16'),
(2097, 'Everyday Essential Crewneck Tee', 1750.00, 'The relaxed fit and soft knit fabric make it perfect for casual days when you want to stay warm and stylish', 'tshirt1.webp', '2023-12-16'),
(2098, 'Striped Serenity Long Sleeve Tee', 2200.00, 'Embrace a timeless pattern with our Striped Serenity Long Sleeve Tee. The classic stripe design adds a touch of sophistication to this casual piece', 'tshirt2.webp', '2023-12-16'),
(2099, 'Chill Out Tie-Dye Tee', 1950.00, 'Featuring a stylish graphic design, this tee adds a playful touch to your casual wardrobe.', 'tshirt3.jpg', '2023-12-16'),
(2100, 'Weekend Vibes Graphic T-Shirt', 2200.00, 'The vibrant tie-dye pattern adds a pop of color, making it a fun and casual choice for relaxed days.', 'tshirt4.jpeg', '2023-12-16'),
(2101, 'Coastal Breeze Boat Neck Tee', 1450.00, 'The boat neck adds an elegant and nautical-inspired touch to this casual top. ', 'tshirt5.webp', '2023-12-16'),
(2102, 'Vintage Vibe long sleeve Tee', 2650.00, 'its comfortable fit and retro appeal, this tee is perfect for creating a casual, effortlessly cool vibe.', 'tshirt6.jpg', '2023-12-16'),
(2103, 'Garden Party Ruffle Hem Frock', 1750.00, 'The delicate ruffle details and floral prints create a feminine and romantic look', 'cfrock.jpg', '2023-12-16'),
(2104, 'Boho Blossom Tiered Frock', 2000.00, 'The tiered design and floral patterns create a free-spirited and laid-back aesthetic', 'cfrock.webp', '2023-12-16'),
(2105, 'Urban Chic Shirtwaist Frock', 2200.00, 'Dress it down with sneakers for a casual streetwear vibe or add heels for a more refined ensemble.', 'cfrock1.jpg', '2023-12-16'),
(2106, 'Delight Pinafore Frock', 4000.00, 'The classic pinafore design meets modern denim for a versatile and chic look', 'cfrock2.jpg', '2023-12-16'),
(2107, 'Sunshine Daydream Swing Frock', 3250.00, 'Step into a world of whimsy with our Sunshine Daydream Swing Frock. The flowing silhouette and vibrant colors make it perfect for carefree days under the sun', 'cfrock3.jpg', '2023-12-16'),
(2108, 'Stripes Polo Frock', 3000.00, 'Channel athletic vibes with our Sporty Stripes Polo Frock. The polo-inspired design and contrasting stripes add a sporty and casual edge', 'cfrock4.jpg', '2023-12-16'),
(2109, 'WINSUNNY', 6000.00, 'WINSUNNY Flame Embroidered High Rise Jeans Women\' Washed Old Loose Fit Casual Pants Jean', 'd1.jpg', '2023-12-16'),
(2110, 'Criss Cross pants', 5600.00, 'Women\'s Criss Cross Hollow Out Denim Pants Casual Straight Leg Fashion Y2K Jeans', 'd2.jpg', '2023-12-16'),
(2111, 'Cargo Cool Denim Joggers', 4600.00, 'The cargo pockets add a utilitarian edge, while the jogger-style cuffs provide a modern and casual look. ', 'denim1.jpeg', '2023-12-16'),
(2112, 'Classic Blue Straight-Leg Denim', 4450.00, 'These versatile jeans offer a comfortable fit and a straight-leg silhouette, making them a wardrobe essential for any casual occasion', 'denim2.jpeg', '2023-12-16'),
(2113, 'Dungarees-For-Women', 6000.00, 'Dungarees-For-Women-2019-Ripped-Denim-Plus-Size-Casual-Overall-Playsuit-With-Irregular-Pocket-Jeans-Jumpsuits', 'd3.webp', '2023-12-16'),
(2114, 'SELONE-Jeans', 4950.00, 'SELONE-Jeans-Women-High-Waist-Trendy-With-Pockets-Denim-Ripped-Summer-Long-Pant-Straight-Leg-Fashion-Button-Zipper-Mid-Full-Length-Pants-Casual-Work-_', 'd4.webp', '2023-12-16'),
(2115, 'Bootco', 5500.00, 'Shoes for Girls and Women\'s High Heels Stylish Sneakers Ankle Boots | Casual | Party wear | \r\nNew Model Boots For Women (Grey)', 'boots_1.jpg', '2023-12-16'),
(2116, 'NXIN Boots', 6300.00, 'NXIN is dedicated to the application of sports science and innovation in the development of high \r\nperformance, comfortable sports shoes the ground breaking materials and innovative with new \r\ntechnology.', 'boots_2.webp', '2023-12-16'),
(2117, 'voguish women boots', 8000.00, 'Trendy Fashionable And Comfortable Footwear Boots', 'boots_3.webp', '2023-12-16'),
(2118, 'Woman Ankle Boots', 9850.00, 'Please see below the boots size chart: Size chart:SIZE EU35 = foot size 22.5 CMSIZE EU36 = foot size 23.0 \r\nCMSIZE EU37 = foot size 23.5\r\n CMSIZE EU38 = foot size 24.0 \r\nCMSIZE EU39 = foot size 24.\r\n', 'boots_4.webp', '2023-12-16'),
(2119, ' Square Toe Ankle Boots', 6650.00, 'Shoes for Women 2023 Brand Belt Buckle Women\'s Boots \r\nFashion Back Zip Office and Career High Quality Square Toe \r\nAnkle Boots', 'boots_5.jpeg', '2023-12-16'),
(2120, 'Women Pink Heels', 7560.00, 'Girls\' Sandals High Heel Shoes Women\'s Large Sizes 32-43 Party Wedding Shoes \r\nWoman High Heels\r\n', 'heels_1.webp', '2023-12-16'),
(2121, 'Red heels', 5660.00, 'peep toe platform high heels pumps women shoes sandals platform wedding shoes ', 'heels_2.webp', '2023-12-16'),
(2122, 'Glitter Wedding Shoes', 5660.00, 'An ultra-soft, comfortable lining and a cushioned footbed, Lightweight, \r\nshock absorbing, skidproof and durable, Wearproof outsole with the antiskid patterns, increases the abrasion resistance ,and ensures safety of \r\nyour daily walking', 'heels_3.webp', '2023-12-16'),
(2123, 'y Flat \r\nFashion sandal', 5600.00, 'Durable Soft Leather High Quality, Fashionable & Comfortable high \r\nheels.; Strap Type: Ankle Strap', 'heels_4.jpg', '2023-12-16'),
(2124, 'Glitter Pump Sandals', 12000.00, 'Dufannie Toddler Little Big Kid High Heels Flower Girls \r\nParty Dress Shoes Glitter Pump Sandals\r\n', 'heels_5.jpg', '2023-12-16'),
(2125, 'designer Fashion Sanda', 5300.00, 'Featuring a contemporary refined design with exceptional comfort, this pair is perfect to give \r\nyour quintessential dressing an upgrade', 'sandals_1.jpg', '2023-12-16'),
(2126, 'flip flops slippers', 3250.00, 'It is made of high quality materials,Soft hand feeling, no any harm to your', 'sandals_2.webp', '2023-12-16'),
(2127, 'GUANGUAN Summer Leather Slippers', 3000.00, 'The open, breathable design makes it easy to keep feet cool and comfortable', 'sandals_3.jpg', '2023-12-16'),
(2128, 'Chanel sandals', 3250.00, 'The open, breathable design makes it easy to keep feet cool and \r\ncomfortable\r\n', 'sandals_4.webp', '2023-12-16'),
(2129, 'Gantian Cute sandals women flat sandals', 4150.00, 'Lightweight, comfortable and good touch\r\n', 'sandals_5.jpg', '2023-12-16'),
(2130, 'Onbeat Casual Sneakers', 6500.00, ' Fashion Women Sneakers Shoe\r\n Attractive Look, Light weight shoes', 'shoes_1.webp', '2023-12-16'),
(2131, 'fashion zipper wedge sneakers', 6850.00, 'Made of high quality materials, lightweight and flexible, abrasionresistant and anti-slip rubber outsole.\r\n', 'shoes_2.jpg', '2023-12-16'),
(2132, 'Girls Fashion Brand Sneakers', 6650.00, 'Maximum durability: Canvas shoes are made of high-quality canvas, which is a light-weight and \r\ndurable shoe. they can be used for a long time.', 'shoes_3.webp', '2023-12-16'),
(2133, 'Sole Massage Flat Sneakers', 3000.00, 'Stay comfortable and on-trend, available in varieties color \r\nto pair, perfect with your daily outfits, whether in casual or \r\ndressing up', 'shoes_4.webp', '2023-12-16'),
(2134, 'Flat Sneakers Pumps White Shoes', 4500.00, 'Made of high quality materials, lightweight and flexible', 'shoes_5.jpeg', '2023-12-16'),
(2135, 'Women And Girl Fashion Sandal & Slipper', 2250.00, 'These sandals will provide your feet with maximum flexibility \r\nand comfort and will also be highly durable.', 'slipper_1.jpg', '2023-12-16'),
(2136, 'Typo Gold White Brown Beige Strap', 1850.00, 'Stylish and Trendy, Premium Quality, Beautiful Work', 'slipper_2.jpg', '2023-12-16'),
(2137, ' ATHMILE Sandals\r\n', 3225.00, 'Slip into effortless style with our braided wide width sandals for \r\nwomen, crafted from premium leather that wicks away sweat.', 'slipper_3.webp', '2023-12-16'),
(2138, 'New Fashion Ladies slippers', 2000.00, 'High quality, Durable product, Comfortable to wear and Stylish look', 'slipper_4.jpg', '2023-12-16'),
(2139, 'Women\'s Fashion Sandal Black', 4650.00, 'Light Weight, Elegant design, Durable Quality product', 'slipper_5.jpg', '2023-12-16'),
(2140, 'Cotton Crew Training Socks', 600.00, 'Dri-FIT Technology helps your feet stay dry and \r\ncomfortable.\r\n Crew silhouette covers your ankle and lower calf', 'socks_1.webp', '2023-12-16'),
(2141, 'Ladies Fancy Socks', 450.00, 'Soft texture, Unique design, Fade resistance', 'socks_2.webp', '2023-12-16'),
(2142, 'Humor Sock Socks seahorse Boot Socks', 650.00, 'Our comfy animal design socks feature a quirky design and illustration \r\nto match.Everyone will find a character or design to match their style', 'socks_3.webp', '2023-12-16'),
(2143, 'Wigwam Recycled Wool Blend Cypress Crew', 450.00, 'A brand-new, unused, and unworn item', 'socks_4.webp', '2023-12-16'),
(2144, 'Silky Toes Girls Knee High Bamboo Socks', 550.00, 'The High Quality Bamboo fibers are comfortable and \r\ndurable. It will endure the daily wash and wear.', 'socks_5.jpg', '2023-12-16');

-- --------------------------------------------------------

--
-- Table structure for table `product_category`
--

CREATE TABLE `product_category` (
  `product_id` int(11) NOT NULL,
  `category_id` int(11) NOT NULL
) ENGINE=InnoDB DEFAULT CHARSET=utf8mb4 COLLATE=utf8mb4_general_ci;

--
-- Dumping data for table `product_category`
--

INSERT INTO `product_category` (`product_id`, `category_id`) VALUES
(1000, 44),
(1001, 44),
(1002, 44),
(1003, 44),
(1004, 44),
(1005, 46),
(1006, 46),
(1007, 46),
(1008, 46),
(1009, 45),
(1010, 45),
(1011, 45),
(1012, 45),
(1013, 45),
(1014, 48),
(1015, 48),
(1016, 48),
(1017, 48),
(1018, 48),
(1019, 47),
(1020, 47),
(1021, 47),
(1030, 35),
(1032, 35),
(1033, 35),
(1034, 35),
(1035, 50),
(1036, 50),
(1037, 50),
(1038, 50),
(1039, 50),
(1040, 49),
(1041, 49),
(1042, 49),
(1043, 49),
(1044, 49),
(1045, 51),
(1046, 51),
(1047, 51),
(1048, 51),
(1049, 51),
(1050, 52),
(1051, 52),
(1052, 52),
(1053, 52),
(1054, 52),
(1055, 35),
(1056, 35),
(1057, 35),
(1058, 35),
(1059, 35),
(1060, 35),
(1061, 36),
(1063, 36),
(1064, 36),
(1065, 36),
(1066, 36),
(1067, 36),
(1068, 36),
(1069, 36),
(1070, 36),
(1071, 37),
(1072, 37),
(1073, 37),
(1074, 37),
(1075, 37),
(1076, 37),
(1077, 37),
(1078, 34),
(1079, 34),
(1080, 34),
(1081, 34),
(1082, 34),
(1083, 34),
(1084, 34),
(2022, 24),
(2023, 24),
(2024, 24),
(2025, 24),
(2026, 24),
(2027, 25),
(2028, 25),
(2029, 25),
(2030, 25),
(2031, 25),
(2069, 26),
(2070, 26),
(2071, 26),
(2072, 26),
(2073, 26),
(2074, 27),
(2075, 27),
(2076, 27),
(2077, 27),
(2078, 27),
(2079, 28),
(2080, 28),
(2081, 28),
(2082, 28),
(2083, 28),
(2084, 29),
(2085, 29),
(2086, 29),
(2087, 29),
(2088, 29),
(2089, 29),
(2090, 33),
(2091, 33),
(2092, 33),
(2093, 33),
(2094, 33),
(2095, 33),
(2096, 33),
(2097, 31),
(2098, 31),
(2099, 31),
(2100, 31),
(2101, 31),
(2102, 31),
(2103, 32),
(2104, 32),
(2105, 32),
(2106, 32),
(2107, 32),
(2108, 32),
(2109, 30),
(2110, 30),
(2111, 30),
(2112, 30),
(2113, 30),
(2114, 30),
(2115, 40),
(2116, 40),
(2117, 40),
(2118, 40),
(2119, 40),
(2120, 39),
(2121, 39),
(2122, 39),
(2123, 39),
(2124, 39),
(2125, 41),
(2126, 41),
(2127, 41),
(2128, 41),
(2129, 41),
(2130, 38),
(2131, 38),
(2132, 38),
(2133, 38),
(2134, 38),
(2135, 42),
(2136, 42),
(2137, 42),
(2138, 42),
(2139, 42),
(2140, 43),
(2141, 43),
(2142, 43),
(2143, 43),
(2144, 43);

-- --------------------------------------------------------

--
-- Table structure for table `product_color`
--

CREATE TABLE `product_color` (
  `color_id` int(11) NOT NULL,
  `color_name` varchar(50) NOT NULL
) ENGINE=InnoDB DEFAULT CHARSET=utf8mb4 COLLATE=utf8mb4_general_ci;

--
-- Dumping data for table `product_color`
--

INSERT INTO `product_color` (`color_id`, `color_name`) VALUES
(1, 'pink'),
(2, 'brown'),
(3, 'black'),
(4, 'grey'),
(5, 'gold'),
(6, 'white'),
(7, 'yellow'),
(8, 'red'),
(9, 'one color'),
(10, 'orange'),
(11, 'blue'),
(12, 'sky blue'),
(14, 'hot pink'),
(15, 'violet'),
(16, 'darkgreen'),
(17, 'darkblue'),
(18, 'lightgreen'),
(19, 'lavender pink'),
(20, 'maroon'),
(21, 'purple');

-- --------------------------------------------------------

--
-- Table structure for table `product_size`
--

CREATE TABLE `product_size` (
  `size_id` int(11) NOT NULL,
  `size_name` varchar(10) NOT NULL
) ENGINE=InnoDB DEFAULT CHARSET=utf8mb4 COLLATE=utf8mb4_general_ci;

--
-- Dumping data for table `product_size`
--

INSERT INTO `product_size` (`size_id`, `size_name`) VALUES
(3, 'one size'),
(4, '2XL'),
(5, 'XL'),
(6, 'L'),
(7, 'M'),
(8, 'S'),
(9, 'XS'),
(10, '6'),
(11, '7'),
(12, '8'),
(13, '9'),
(14, '10'),
(15, '26'),
(16, '28'),
(17, '30'),
(18, '32'),
(19, '34'),
(20, '36'),
(21, '38'),
(22, '40');

-- --------------------------------------------------------

--
-- Table structure for table `product_stock`
--

CREATE TABLE `product_stock` (
  `stock_id` int(11) NOT NULL,
  `product_id` int(11) NOT NULL,
  `color_id` int(11) NOT NULL,
  `size_id` int(11) NOT NULL,
  `stock_qty` int(11) NOT NULL
) ENGINE=InnoDB DEFAULT CHARSET=utf8mb4 COLLATE=utf8mb4_general_ci;

--
-- Dumping data for table `product_stock`
--

INSERT INTO `product_stock` (`stock_id`, `product_id`, `color_id`, `size_id`, `stock_qty`) VALUES
(304, 2027, 1, 4, 200),
(305, 2027, 2, 4, 200),
(306, 2027, 3, 4, 200),
(307, 2027, 4, 4, 200),
(308, 2027, 5, 4, 200),
(309, 2027, 6, 4, 200),
(310, 2027, 7, 4, 200),
(311, 2027, 8, 4, 200),
(312, 2027, 1, 5, 200),
(313, 2027, 2, 5, 200),
(314, 2027, 3, 5, 200),
(315, 2027, 4, 5, 200),
(316, 2027, 5, 5, 200),
(317, 2027, 6, 5, 200),
(318, 2027, 7, 5, 200),
(319, 2027, 8, 5, 200),
(320, 2027, 1, 6, 200),
(321, 2027, 2, 6, 200),
(322, 2027, 3, 6, 200),
(323, 2027, 4, 6, 200),
(324, 2027, 5, 6, 200),
(325, 2027, 6, 6, 200),
(326, 2027, 7, 6, 200),
(327, 2027, 8, 6, 200),
(328, 2027, 1, 7, 200),
(329, 2027, 2, 7, 200),
(330, 2027, 3, 7, 200),
(331, 2027, 4, 7, 200),
(332, 2027, 5, 7, 200),
(333, 2027, 6, 7, 200),
(334, 2027, 7, 7, 200),
(335, 2027, 8, 7, 200),
(336, 2027, 1, 8, 200),
(337, 2027, 2, 8, 200),
(338, 2027, 3, 8, 200),
(339, 2027, 4, 8, 200),
(340, 2027, 5, 8, 200),
(341, 2027, 6, 8, 200),
(342, 2027, 7, 8, 200),
(343, 2027, 8, 8, 200),
(344, 2027, 1, 9, 200),
(345, 2027, 2, 9, 200),
(346, 2027, 3, 9, 200),
(347, 2027, 4, 9, 200),
(348, 2027, 5, 9, 200),
(349, 2027, 6, 9, 200),
(350, 2027, 7, 9, 200),
(351, 2027, 8, 9, 200),
(352, 2028, 1, 4, 200),
(353, 2028, 2, 4, 200),
(354, 2028, 3, 4, 200),
(355, 2028, 4, 4, 200),
(356, 2028, 5, 4, 200),
(357, 2028, 6, 4, 200),
(358, 2028, 7, 4, 200),
(359, 2028, 8, 4, 200),
(360, 2028, 1, 5, 200),
(361, 2028, 2, 5, 200),
(362, 2028, 3, 5, 200),
(363, 2028, 4, 5, 200),
(364, 2028, 5, 5, 200),
(365, 2028, 6, 5, 200),
(366, 2028, 7, 5, 200),
(367, 2028, 8, 5, 200),
(368, 2028, 1, 6, 200),
(369, 2028, 2, 6, 200),
(370, 2028, 3, 6, 200),
(371, 2028, 4, 6, 200),
(372, 2028, 5, 6, 200),
(373, 2028, 6, 6, 200),
(374, 2028, 7, 6, 200),
(375, 2028, 8, 6, 200),
(376, 2028, 1, 7, 200),
(377, 2028, 2, 7, 200),
(378, 2028, 3, 7, 200),
(379, 2028, 4, 7, 200),
(380, 2028, 5, 7, 200),
(381, 2028, 6, 7, 200),
(382, 2028, 7, 7, 200),
(383, 2028, 8, 7, 200),
(384, 2028, 1, 8, 200),
(385, 2028, 2, 8, 200),
(386, 2028, 3, 8, 200),
(387, 2028, 4, 8, 200),
(388, 2028, 5, 8, 200),
(389, 2028, 6, 8, 200),
(390, 2028, 7, 8, 200),
(391, 2028, 8, 8, 200),
(392, 2028, 1, 9, 200),
(393, 2028, 2, 9, 200),
(394, 2028, 3, 9, 200),
(395, 2028, 4, 9, 200),
(396, 2028, 5, 9, 200),
(397, 2028, 6, 9, 200),
(398, 2028, 7, 9, 200),
(399, 2028, 8, 9, 200),
(400, 2029, 1, 4, 200),
(401, 2029, 2, 4, 200),
(402, 2029, 3, 4, 200),
(403, 2029, 4, 4, 200),
(404, 2029, 5, 4, 200),
(405, 2029, 6, 4, 200),
(406, 2029, 7, 4, 200),
(407, 2029, 8, 4, 200),
(408, 2029, 1, 5, 200),
(409, 2029, 2, 5, 200),
(410, 2029, 3, 5, 200),
(411, 2029, 4, 5, 200),
(412, 2029, 5, 5, 200),
(413, 2029, 6, 5, 200),
(414, 2029, 7, 5, 200),
(415, 2029, 8, 5, 200),
(416, 2029, 1, 6, 200),
(417, 2029, 2, 6, 200),
(418, 2029, 3, 6, 200),
(419, 2029, 4, 6, 200),
(420, 2029, 5, 6, 200),
(421, 2029, 6, 6, 200),
(422, 2029, 7, 6, 200),
(423, 2029, 8, 6, 200),
(424, 2029, 1, 7, 200),
(425, 2029, 2, 7, 200),
(426, 2029, 3, 7, 200),
(427, 2029, 4, 7, 200),
(428, 2029, 5, 7, 200),
(429, 2029, 6, 7, 200),
(430, 2029, 7, 7, 200),
(431, 2029, 8, 7, 200),
(432, 2029, 1, 8, 200),
(433, 2029, 2, 8, 200),
(434, 2029, 3, 8, 200),
(435, 2029, 4, 8, 200),
(436, 2029, 5, 8, 200),
(437, 2029, 6, 8, 200),
(438, 2029, 7, 8, 200),
(439, 2029, 8, 8, 200),
(440, 2029, 1, 9, 200),
(441, 2029, 2, 9, 200),
(442, 2029, 3, 9, 200),
(443, 2029, 4, 9, 200),
(444, 2029, 5, 9, 200),
(445, 2029, 6, 9, 200),
(446, 2029, 7, 9, 200),
(447, 2029, 8, 9, 200),
(448, 2030, 1, 4, 200),
(449, 2030, 2, 4, 200),
(450, 2030, 3, 4, 200),
(451, 2030, 4, 4, 200),
(452, 2030, 5, 4, 200),
(453, 2030, 6, 4, 200),
(454, 2030, 7, 4, 200),
(455, 2030, 8, 4, 200),
(456, 2030, 1, 5, 200),
(457, 2030, 2, 5, 200),
(458, 2030, 3, 5, 200),
(459, 2030, 4, 5, 200),
(460, 2030, 5, 5, 200),
(461, 2030, 6, 5, 200),
(462, 2030, 7, 5, 200),
(463, 2030, 8, 5, 200),
(464, 2030, 1, 6, 200),
(465, 2030, 2, 6, 200),
(466, 2030, 3, 6, 200),
(467, 2030, 4, 6, 200),
(468, 2030, 5, 6, 200),
(469, 2030, 6, 6, 200),
(470, 2030, 7, 6, 200),
(471, 2030, 8, 6, 200),
(472, 2030, 1, 7, 200),
(473, 2030, 2, 7, 200),
(474, 2030, 3, 7, 200),
(475, 2030, 4, 7, 200),
(476, 2030, 5, 7, 200),
(477, 2030, 6, 7, 200),
(478, 2030, 7, 7, 200),
(479, 2030, 8, 7, 200),
(480, 2030, 1, 8, 200),
(481, 2030, 2, 8, 200),
(482, 2030, 3, 8, 200),
(483, 2030, 4, 8, 200),
(484, 2030, 5, 8, 200),
(485, 2030, 6, 8, 200),
(486, 2030, 7, 8, 200),
(487, 2030, 8, 8, 200),
(488, 2030, 1, 9, 200),
(489, 2030, 2, 9, 200),
(490, 2030, 3, 9, 200),
(491, 2030, 4, 9, 200),
(492, 2030, 5, 9, 200),
(493, 2030, 6, 9, 200),
(494, 2030, 7, 9, 200),
(495, 2030, 8, 9, 200),
(496, 2031, 1, 4, 200),
(497, 2031, 2, 4, 200),
(498, 2031, 3, 4, 200),
(499, 2031, 4, 4, 200),
(500, 2031, 5, 4, 200),
(501, 2031, 6, 4, 200),
(502, 2031, 7, 4, 200),
(503, 2031, 8, 4, 200),
(504, 2031, 1, 5, 200),
(505, 2031, 2, 5, 200),
(506, 2031, 3, 5, 200),
(507, 2031, 4, 5, 200),
(508, 2031, 5, 5, 200),
(509, 2031, 6, 5, 200),
(510, 2031, 7, 5, 200),
(511, 2031, 8, 5, 200),
(512, 2031, 1, 6, 200),
(513, 2031, 2, 6, 200),
(514, 2031, 3, 6, 200),
(515, 2031, 4, 6, 200),
(516, 2031, 5, 6, 200),
(517, 2031, 6, 6, 200),
(518, 2031, 7, 6, 200),
(519, 2031, 8, 6, 200),
(520, 2031, 1, 7, 200),
(521, 2031, 2, 7, 200),
(522, 2031, 3, 7, 200),
(523, 2031, 4, 7, 200),
(524, 2031, 5, 7, 200),
(525, 2031, 6, 7, 200),
(526, 2031, 7, 7, 200),
(527, 2031, 8, 7, 200),
(528, 2031, 1, 8, 200),
(529, 2031, 2, 8, 200),
(530, 2031, 3, 8, 200),
(531, 2031, 4, 8, 200),
(532, 2031, 5, 8, 200),
(533, 2031, 6, 8, 200),
(534, 2031, 7, 8, 200),
(535, 2031, 8, 8, 200),
(536, 2031, 1, 9, 200),
(537, 2031, 2, 9, 200),
(538, 2031, 3, 9, 200),
(539, 2031, 4, 9, 200),
(540, 2031, 5, 9, 200),
(541, 2031, 6, 9, 200),
(542, 2031, 7, 9, 200),
(543, 2031, 8, 9, 200),
(544, 2022, 1, 4, 200),
(545, 2022, 2, 4, 200),
(546, 2022, 3, 4, 200),
(547, 2022, 4, 4, 200),
(548, 2022, 5, 4, 200),
(549, 2022, 6, 4, 200),
(550, 2022, 7, 4, 200),
(551, 2022, 8, 4, 200),
(552, 2022, 1, 5, 200),
(553, 2022, 2, 5, 200),
(554, 2022, 3, 5, 200),
(555, 2022, 4, 5, 200),
(556, 2022, 5, 5, 200),
(557, 2022, 6, 5, 200),
(558, 2022, 7, 5, 200),
(559, 2022, 8, 5, 200),
(560, 2022, 1, 6, 200),
(561, 2022, 2, 6, 200),
(562, 2022, 3, 6, 200),
(563, 2022, 4, 6, 200),
(564, 2022, 5, 6, 200),
(565, 2022, 6, 6, 200),
(566, 2022, 7, 6, 200),
(567, 2022, 8, 6, 200),
(568, 2022, 1, 7, 200),
(569, 2022, 2, 7, 200),
(570, 2022, 3, 7, 200),
(571, 2022, 4, 7, 200),
(572, 2022, 5, 7, 200),
(573, 2022, 6, 7, 200),
(574, 2022, 7, 7, 200),
(575, 2022, 8, 7, 200),
(576, 2022, 1, 8, 200),
(577, 2022, 2, 8, 200),
(578, 2022, 3, 8, 200),
(579, 2022, 4, 8, 200),
(580, 2022, 5, 8, 200),
(581, 2022, 6, 8, 200),
(582, 2022, 7, 8, 200),
(583, 2022, 8, 8, 200),
(584, 2022, 1, 9, 200),
(585, 2022, 2, 9, 200),
(586, 2022, 3, 9, 200),
(587, 2022, 4, 9, 200),
(588, 2022, 5, 9, 200),
(589, 2022, 6, 9, 200),
(590, 2022, 7, 9, 200),
(591, 2022, 8, 9, 200),
(592, 2023, 1, 4, 200),
(593, 2023, 2, 4, 200),
(594, 2023, 3, 4, 200),
(595, 2023, 4, 4, 200),
(596, 2023, 5, 4, 200),
(597, 2023, 6, 4, 200),
(598, 2023, 7, 4, 200),
(599, 2023, 8, 4, 200),
(600, 2023, 1, 5, 200),
(601, 2023, 2, 5, 200),
(602, 2023, 3, 5, 200),
(603, 2023, 4, 5, 200),
(604, 2023, 5, 5, 200),
(605, 2023, 6, 5, 200),
(606, 2023, 7, 5, 200),
(607, 2023, 8, 5, 200),
(608, 2023, 1, 6, 200),
(609, 2023, 2, 6, 200),
(610, 2023, 3, 6, 200),
(611, 2023, 4, 6, 200),
(612, 2023, 5, 6, 200),
(613, 2023, 6, 6, 200),
(614, 2023, 7, 6, 200),
(615, 2023, 8, 6, 200),
(616, 2023, 1, 7, 200),
(617, 2023, 2, 7, 200),
(618, 2023, 3, 7, 200),
(619, 2023, 4, 7, 200),
(620, 2023, 5, 7, 200),
(621, 2023, 6, 7, 200),
(622, 2023, 7, 7, 200),
(623, 2023, 8, 7, 200),
(624, 2023, 1, 8, 200),
(625, 2023, 2, 8, 200),
(626, 2023, 3, 8, 200),
(627, 2023, 4, 8, 200),
(628, 2023, 5, 8, 200),
(629, 2023, 6, 8, 200),
(630, 2023, 7, 8, 200),
(631, 2023, 8, 8, 200),
(632, 2023, 1, 9, 200),
(633, 2023, 2, 9, 200),
(634, 2023, 3, 9, 200),
(635, 2023, 4, 9, 200),
(636, 2023, 5, 9, 200),
(637, 2023, 6, 9, 200),
(638, 2023, 7, 9, 200),
(639, 2023, 8, 9, 200),
(640, 2024, 1, 4, 200),
(641, 2024, 2, 4, 200),
(642, 2024, 3, 4, 200),
(643, 2024, 4, 4, 200),
(644, 2024, 5, 4, 200),
(645, 2024, 6, 4, 200),
(646, 2024, 7, 4, 200),
(647, 2024, 8, 4, 200),
(648, 2024, 1, 5, 200),
(649, 2024, 2, 5, 200),
(650, 2024, 3, 5, 200),
(651, 2024, 4, 5, 200),
(652, 2024, 5, 5, 200),
(653, 2024, 6, 5, 200),
(654, 2024, 7, 5, 200),
(655, 2024, 8, 5, 200),
(656, 2024, 1, 6, 200),
(657, 2024, 2, 6, 200),
(658, 2024, 3, 6, 200),
(659, 2024, 4, 6, 200),
(660, 2024, 5, 6, 200),
(661, 2024, 6, 6, 200),
(662, 2024, 7, 6, 200),
(663, 2024, 8, 6, 200),
(664, 2024, 1, 7, 200),
(665, 2024, 2, 7, 200),
(666, 2024, 3, 7, 200),
(667, 2024, 4, 7, 200),
(668, 2024, 5, 7, 200),
(669, 2024, 6, 7, 200),
(670, 2024, 7, 7, 200),
(671, 2024, 8, 7, 200),
(672, 2024, 1, 8, 200),
(673, 2024, 2, 8, 200),
(674, 2024, 3, 8, 200),
(675, 2024, 4, 8, 200),
(676, 2024, 5, 8, 200),
(677, 2024, 6, 8, 200),
(678, 2024, 7, 8, 200),
(679, 2024, 8, 8, 200),
(680, 2024, 1, 9, 200),
(681, 2024, 2, 9, 200),
(682, 2024, 3, 9, 200),
(683, 2024, 4, 9, 200),
(684, 2024, 5, 9, 200),
(685, 2024, 6, 9, 200),
(686, 2024, 7, 9, 200),
(687, 2024, 8, 9, 200),
(688, 2025, 1, 4, 200),
(689, 2025, 2, 4, 200),
(690, 2025, 3, 4, 200),
(691, 2025, 4, 4, 200),
(692, 2025, 5, 4, 200),
(693, 2025, 6, 4, 200),
(694, 2025, 7, 4, 200),
(695, 2025, 8, 4, 200),
(696, 2025, 1, 5, 200),
(697, 2025, 2, 5, 200),
(698, 2025, 3, 5, 200),
(699, 2025, 4, 5, 200),
(700, 2025, 5, 5, 200),
(701, 2025, 6, 5, 200),
(702, 2025, 7, 5, 200),
(703, 2025, 8, 5, 200),
(704, 2025, 1, 6, 200),
(705, 2025, 2, 6, 200),
(706, 2025, 3, 6, 200),
(707, 2025, 4, 6, 200),
(708, 2025, 5, 6, 200),
(709, 2025, 6, 6, 200),
(710, 2025, 7, 6, 200),
(711, 2025, 8, 6, 200),
(712, 2025, 1, 7, 200),
(713, 2025, 2, 7, 200),
(714, 2025, 3, 7, 200),
(715, 2025, 4, 7, 200),
(716, 2025, 5, 7, 200),
(717, 2025, 6, 7, 200),
(718, 2025, 7, 7, 200),
(719, 2025, 8, 7, 200),
(720, 2025, 1, 8, 200),
(721, 2025, 2, 8, 200),
(722, 2025, 3, 8, 200),
(723, 2025, 4, 8, 200),
(724, 2025, 5, 8, 200),
(725, 2025, 6, 8, 200),
(726, 2025, 7, 8, 200),
(727, 2025, 8, 8, 200),
(728, 2025, 1, 9, 200),
(729, 2025, 2, 9, 200),
(730, 2025, 3, 9, 200),
(731, 2025, 4, 9, 200),
(732, 2025, 5, 9, 200),
(733, 2025, 6, 9, 200),
(734, 2025, 7, 9, 200),
(735, 2025, 8, 9, 200),
(736, 2026, 1, 4, 200),
(737, 2026, 2, 4, 200),
(738, 2026, 3, 4, 200),
(739, 2026, 4, 4, 200),
(740, 2026, 5, 4, 200),
(741, 2026, 6, 4, 200),
(742, 2026, 7, 4, 200),
(743, 2026, 8, 4, 200),
(744, 2026, 1, 5, 200),
(745, 2026, 2, 5, 200),
(746, 2026, 3, 5, 200),
(747, 2026, 4, 5, 200),
(748, 2026, 5, 5, 200),
(749, 2026, 6, 5, 200),
(750, 2026, 7, 5, 200),
(751, 2026, 8, 5, 200),
(752, 2026, 1, 6, 200),
(753, 2026, 2, 6, 200),
(754, 2026, 3, 6, 200),
(755, 2026, 4, 6, 200),
(756, 2026, 5, 6, 200),
(757, 2026, 6, 6, 200),
(758, 2026, 7, 6, 200),
(759, 2026, 8, 6, 200),
(760, 2026, 1, 7, 200),
(761, 2026, 2, 7, 200),
(762, 2026, 3, 7, 200),
(763, 2026, 4, 7, 200),
(764, 2026, 5, 7, 200),
(765, 2026, 6, 7, 200),
(766, 2026, 7, 7, 200),
(767, 2026, 8, 7, 200),
(768, 2026, 1, 8, 200),
(769, 2026, 2, 8, 200),
(770, 2026, 3, 8, 200),
(771, 2026, 4, 8, 200),
(772, 2026, 5, 8, 200),
(773, 2026, 6, 8, 200),
(774, 2026, 7, 8, 200),
(775, 2026, 8, 8, 200),
(776, 2026, 1, 9, 200),
(777, 2026, 2, 9, 200),
(778, 2026, 3, 9, 200),
(779, 2026, 4, 9, 200),
(780, 2026, 5, 9, 200),
(781, 2026, 6, 9, 200),
(782, 2026, 7, 9, 200),
(783, 2026, 8, 9, 200),
(784, 2069, 1, 4, 200),
(785, 2069, 2, 4, 200),
(786, 2069, 3, 4, 200),
(787, 2069, 4, 4, 200),
(788, 2069, 5, 4, 200),
(789, 2069, 6, 4, 200),
(790, 2069, 7, 4, 200),
(791, 2069, 8, 4, 200),
(792, 2069, 1, 5, 200),
(793, 2069, 2, 5, 200),
(794, 2069, 3, 5, 200),
(795, 2069, 4, 5, 200),
(796, 2069, 5, 5, 200),
(797, 2069, 6, 5, 200),
(798, 2069, 7, 5, 200),
(799, 2069, 8, 5, 200),
(800, 2069, 1, 6, 200),
(801, 2069, 2, 6, 200),
(802, 2069, 3, 6, 200),
(803, 2069, 4, 6, 200),
(804, 2069, 5, 6, 200),
(805, 2069, 6, 6, 200),
(806, 2069, 7, 6, 200),
(807, 2069, 8, 6, 200),
(808, 2069, 1, 7, 200),
(809, 2069, 2, 7, 200),
(810, 2069, 3, 7, 200),
(811, 2069, 4, 7, 200),
(812, 2069, 5, 7, 200),
(813, 2069, 6, 7, 200),
(814, 2069, 7, 7, 200),
(815, 2069, 8, 7, 200),
(816, 2069, 1, 8, 200),
(817, 2069, 2, 8, 200),
(818, 2069, 3, 8, 200),
(819, 2069, 4, 8, 200),
(820, 2069, 5, 8, 200),
(821, 2069, 6, 8, 200),
(822, 2069, 7, 8, 200),
(823, 2069, 8, 8, 200),
(824, 2069, 1, 9, 200),
(825, 2069, 2, 9, 200),
(826, 2069, 3, 9, 200),
(827, 2069, 4, 9, 200),
(828, 2069, 5, 9, 200),
(829, 2069, 6, 9, 200),
(830, 2069, 7, 9, 200),
(831, 2069, 8, 9, 200),
(832, 2070, 1, 4, 200),
(833, 2070, 2, 4, 200),
(834, 2070, 3, 4, 200),
(835, 2070, 4, 4, 200),
(836, 2070, 5, 4, 200),
(837, 2070, 6, 4, 200),
(838, 2070, 7, 4, 200),
(839, 2070, 8, 4, 200),
(840, 2070, 1, 5, 200),
(841, 2070, 2, 5, 200),
(842, 2070, 3, 5, 200),
(843, 2070, 4, 5, 200),
(844, 2070, 5, 5, 200),
(845, 2070, 6, 5, 200),
(846, 2070, 7, 5, 200),
(847, 2070, 8, 5, 200),
(848, 2070, 1, 6, 200),
(849, 2070, 2, 6, 200),
(850, 2070, 3, 6, 200),
(851, 2070, 4, 6, 200),
(852, 2070, 5, 6, 200),
(853, 2070, 6, 6, 200),
(854, 2070, 7, 6, 200),
(855, 2070, 8, 6, 200),
(856, 2070, 1, 7, 200),
(857, 2070, 2, 7, 200),
(858, 2070, 3, 7, 200),
(859, 2070, 4, 7, 200),
(860, 2070, 5, 7, 200),
(861, 2070, 6, 7, 200),
(862, 2070, 7, 7, 200),
(863, 2070, 8, 7, 200),
(864, 2070, 1, 8, 200),
(865, 2070, 2, 8, 200),
(866, 2070, 3, 8, 200),
(867, 2070, 4, 8, 200),
(868, 2070, 5, 8, 200),
(869, 2070, 6, 8, 200),
(870, 2070, 7, 8, 200),
(871, 2070, 8, 8, 200),
(872, 2070, 1, 9, 200),
(873, 2070, 2, 9, 200),
(874, 2070, 3, 9, 200),
(875, 2070, 4, 9, 200),
(876, 2070, 5, 9, 200),
(877, 2070, 6, 9, 200),
(878, 2070, 7, 9, 200),
(879, 2070, 8, 9, 200),
(880, 2071, 1, 4, 200),
(881, 2071, 2, 4, 200),
(882, 2071, 3, 4, 200),
(883, 2071, 4, 4, 200),
(884, 2071, 5, 4, 200),
(885, 2071, 6, 4, 200),
(886, 2071, 7, 4, 200),
(887, 2071, 8, 4, 200),
(888, 2071, 1, 5, 200),
(889, 2071, 2, 5, 200),
(890, 2071, 3, 5, 200),
(891, 2071, 4, 5, 200),
(892, 2071, 5, 5, 200),
(893, 2071, 6, 5, 200),
(894, 2071, 7, 5, 200),
(895, 2071, 8, 5, 200),
(896, 2071, 1, 6, 200),
(897, 2071, 2, 6, 200),
(898, 2071, 3, 6, 200),
(899, 2071, 4, 6, 200),
(900, 2071, 5, 6, 200),
(901, 2071, 6, 6, 200),
(902, 2071, 7, 6, 200),
(903, 2071, 8, 6, 200),
(904, 2071, 1, 7, 200),
(905, 2071, 2, 7, 200),
(906, 2071, 3, 7, 200),
(907, 2071, 4, 7, 200),
(908, 2071, 5, 7, 200),
(909, 2071, 6, 7, 200),
(910, 2071, 7, 7, 200),
(911, 2071, 8, 7, 200),
(912, 2071, 1, 8, 200),
(913, 2071, 2, 8, 200),
(914, 2071, 3, 8, 200),
(915, 2071, 4, 8, 200),
(916, 2071, 5, 8, 200),
(917, 2071, 6, 8, 200),
(918, 2071, 7, 8, 200),
(919, 2071, 8, 8, 200),
(920, 2071, 1, 9, 200),
(921, 2071, 2, 9, 200),
(922, 2071, 3, 9, 200),
(923, 2071, 4, 9, 200),
(924, 2071, 5, 9, 200),
(925, 2071, 6, 9, 200),
(926, 2071, 7, 9, 200),
(927, 2071, 8, 9, 200),
(928, 2072, 1, 4, 200),
(929, 2072, 2, 4, 200),
(930, 2072, 3, 4, 200),
(931, 2072, 4, 4, 200),
(932, 2072, 5, 4, 200),
(933, 2072, 6, 4, 200),
(934, 2072, 7, 4, 200),
(935, 2072, 8, 4, 200),
(936, 2072, 1, 5, 200),
(937, 2072, 2, 5, 200),
(938, 2072, 3, 5, 200),
(939, 2072, 4, 5, 200),
(940, 2072, 5, 5, 200),
(941, 2072, 6, 5, 200),
(942, 2072, 7, 5, 200),
(943, 2072, 8, 5, 200),
(944, 2072, 1, 6, 200),
(945, 2072, 2, 6, 200),
(946, 2072, 3, 6, 200),
(947, 2072, 4, 6, 200),
(948, 2072, 5, 6, 200),
(949, 2072, 6, 6, 200),
(950, 2072, 7, 6, 200),
(951, 2072, 8, 6, 200),
(952, 2072, 1, 7, 200),
(953, 2072, 2, 7, 200),
(954, 2072, 3, 7, 200),
(955, 2072, 4, 7, 200),
(956, 2072, 5, 7, 200),
(957, 2072, 6, 7, 200),
(958, 2072, 7, 7, 200),
(959, 2072, 8, 7, 200),
(960, 2072, 1, 8, 200),
(961, 2072, 2, 8, 200),
(962, 2072, 3, 8, 200),
(963, 2072, 4, 8, 200),
(964, 2072, 5, 8, 200),
(965, 2072, 6, 8, 200),
(966, 2072, 7, 8, 200),
(967, 2072, 8, 8, 200),
(968, 2072, 1, 9, 200),
(969, 2072, 2, 9, 200),
(970, 2072, 3, 9, 200),
(971, 2072, 4, 9, 200),
(972, 2072, 5, 9, 200),
(973, 2072, 6, 9, 200),
(974, 2072, 7, 9, 200),
(975, 2072, 8, 9, 200),
(976, 2073, 1, 4, 200),
(977, 2073, 2, 4, 200),
(978, 2073, 3, 4, 200),
(979, 2073, 4, 4, 200),
(980, 2073, 5, 4, 200),
(981, 2073, 6, 4, 200),
(982, 2073, 7, 4, 200),
(983, 2073, 8, 4, 200),
(984, 2073, 1, 5, 200),
(985, 2073, 2, 5, 200),
(986, 2073, 3, 5, 200),
(987, 2073, 4, 5, 200),
(988, 2073, 5, 5, 200),
(989, 2073, 6, 5, 200),
(990, 2073, 7, 5, 200),
(991, 2073, 8, 5, 200),
(992, 2073, 1, 6, 200),
(993, 2073, 2, 6, 200),
(994, 2073, 3, 6, 200),
(995, 2073, 4, 6, 200),
(996, 2073, 5, 6, 200),
(997, 2073, 6, 6, 200),
(998, 2073, 7, 6, 200),
(999, 2073, 8, 6, 200),
(1000, 2073, 1, 7, 200),
(1001, 2073, 2, 7, 200),
(1002, 2073, 3, 7, 200),
(1003, 2073, 4, 7, 200),
(1004, 2073, 5, 7, 200),
(1005, 2073, 6, 7, 200),
(1006, 2073, 7, 7, 200),
(1007, 2073, 8, 7, 200),
(1008, 2073, 1, 8, 200),
(1009, 2073, 2, 8, 200),
(1010, 2073, 3, 8, 200),
(1011, 2073, 4, 8, 200),
(1012, 2073, 5, 8, 200),
(1013, 2073, 6, 8, 200),
(1014, 2073, 7, 8, 200),
(1015, 2073, 8, 8, 200),
(1016, 2073, 1, 9, 200),
(1017, 2073, 2, 9, 200),
(1018, 2073, 3, 9, 200),
(1019, 2073, 4, 9, 200),
(1020, 2073, 5, 9, 200),
(1021, 2073, 6, 9, 200),
(1022, 2073, 7, 9, 200),
(1023, 2073, 8, 9, 200),
(1024, 2074, 1, 4, 200),
(1025, 2074, 2, 4, 200),
(1026, 2074, 3, 4, 200),
(1027, 2074, 4, 4, 200),
(1028, 2074, 5, 4, 200),
(1029, 2074, 6, 4, 200),
(1030, 2074, 7, 4, 200),
(1031, 2074, 8, 4, 200),
(1032, 2074, 1, 5, 200),
(1033, 2074, 2, 5, 200),
(1034, 2074, 3, 5, 200),
(1035, 2074, 4, 5, 200),
(1036, 2074, 5, 5, 200),
(1037, 2074, 6, 5, 200),
(1038, 2074, 7, 5, 200),
(1039, 2074, 8, 5, 200),
(1040, 2074, 1, 6, 200),
(1041, 2074, 2, 6, 200),
(1042, 2074, 3, 6, 200),
(1043, 2074, 4, 6, 200),
(1044, 2074, 5, 6, 200),
(1045, 2074, 6, 6, 200),
(1046, 2074, 7, 6, 200),
(1047, 2074, 8, 6, 200),
(1048, 2074, 1, 7, 200),
(1049, 2074, 2, 7, 200),
(1050, 2074, 3, 7, 200),
(1051, 2074, 4, 7, 200),
(1052, 2074, 5, 7, 200),
(1053, 2074, 6, 7, 200),
(1054, 2074, 7, 7, 200),
(1055, 2074, 8, 7, 200),
(1056, 2074, 1, 8, 200),
(1057, 2074, 2, 8, 200),
(1058, 2074, 3, 8, 200),
(1059, 2074, 4, 8, 200),
(1060, 2074, 5, 8, 200),
(1061, 2074, 6, 8, 200),
(1062, 2074, 7, 8, 200),
(1063, 2074, 8, 8, 200),
(1064, 2074, 1, 9, 200),
(1065, 2074, 2, 9, 200),
(1066, 2074, 3, 9, 200),
(1067, 2074, 4, 9, 200),
(1068, 2074, 5, 9, 200),
(1069, 2074, 6, 9, 200),
(1070, 2074, 7, 9, 200),
(1071, 2074, 8, 9, 200),
(1072, 2075, 1, 4, 200),
(1073, 2075, 2, 4, 200),
(1074, 2075, 3, 4, 200),
(1075, 2075, 4, 4, 200),
(1076, 2075, 5, 4, 200),
(1077, 2075, 6, 4, 200),
(1078, 2075, 7, 4, 200),
(1079, 2075, 8, 4, 200),
(1080, 2075, 1, 5, 200),
(1081, 2075, 2, 5, 200),
(1082, 2075, 3, 5, 200),
(1083, 2075, 4, 5, 200),
(1084, 2075, 5, 5, 200),
(1085, 2075, 6, 5, 200),
(1086, 2075, 7, 5, 200),
(1087, 2075, 8, 5, 200),
(1088, 2075, 1, 6, 200),
(1089, 2075, 2, 6, 200),
(1090, 2075, 3, 6, 200),
(1091, 2075, 4, 6, 200),
(1092, 2075, 5, 6, 200),
(1093, 2075, 6, 6, 200),
(1094, 2075, 7, 6, 200),
(1095, 2075, 8, 6, 200),
(1096, 2075, 1, 7, 200),
(1097, 2075, 2, 7, 200),
(1098, 2075, 3, 7, 200),
(1099, 2075, 4, 7, 200),
(1100, 2075, 5, 7, 200),
(1101, 2075, 6, 7, 200),
(1102, 2075, 7, 7, 200),
(1103, 2075, 8, 7, 200),
(1104, 2075, 1, 8, 200),
(1105, 2075, 2, 8, 200),
(1106, 2075, 3, 8, 200),
(1107, 2075, 4, 8, 200),
(1108, 2075, 5, 8, 200),
(1109, 2075, 6, 8, 200),
(1110, 2075, 7, 8, 200),
(1111, 2075, 8, 8, 200),
(1112, 2075, 1, 9, 200),
(1113, 2075, 2, 9, 200),
(1114, 2075, 3, 9, 200),
(1115, 2075, 4, 9, 200),
(1116, 2076, 1, 4, 200),
(1117, 2076, 2, 4, 200),
(1118, 2076, 3, 4, 200),
(1119, 2076, 4, 4, 200),
(1120, 2076, 5, 4, 200),
(1121, 2076, 6, 4, 200),
(1122, 2076, 7, 4, 200),
(1123, 2076, 8, 4, 200),
(1124, 2076, 1, 5, 200),
(1125, 2076, 2, 5, 200),
(1126, 2076, 3, 5, 200),
(1127, 2076, 4, 5, 200),
(1128, 2076, 5, 5, 200),
(1129, 2076, 6, 5, 200),
(1130, 2076, 7, 5, 200),
(1131, 2076, 8, 5, 200),
(1132, 2076, 1, 6, 200),
(1133, 2076, 2, 6, 200),
(1134, 2076, 3, 6, 200),
(1135, 2076, 4, 6, 200),
(1136, 2076, 5, 6, 200),
(1137, 2076, 6, 6, 200),
(1138, 2076, 7, 6, 200),
(1139, 2076, 8, 6, 200),
(1140, 2076, 1, 7, 200),
(1141, 2076, 2, 7, 200),
(1142, 2076, 3, 7, 200),
(1143, 2076, 4, 7, 200),
(1144, 2076, 5, 7, 200),
(1145, 2076, 6, 7, 200),
(1146, 2076, 7, 7, 200),
(1147, 2076, 8, 7, 200),
(1148, 2076, 1, 8, 200),
(1149, 2076, 2, 8, 200),
(1150, 2076, 3, 8, 200),
(1151, 2076, 4, 8, 200),
(1152, 2076, 5, 8, 200),
(1153, 2076, 6, 8, 200),
(1154, 2076, 7, 8, 200),
(1155, 2076, 8, 8, 200),
(1156, 2076, 1, 9, 200),
(1157, 2076, 2, 9, 200),
(1158, 2076, 3, 9, 200),
(1159, 2076, 4, 9, 200),
(1160, 2076, 5, 9, 200),
(1161, 2076, 6, 9, 200),
(1162, 2076, 7, 9, 200),
(1163, 2076, 8, 9, 200),
(1164, 2077, 1, 4, 200),
(1165, 2077, 2, 4, 200),
(1166, 2077, 3, 4, 200),
(1167, 2077, 4, 4, 200),
(1168, 2077, 5, 4, 200),
(1169, 2077, 6, 4, 200),
(1170, 2077, 7, 4, 200),
(1171, 2077, 8, 4, 200),
(1172, 2077, 1, 5, 200),
(1173, 2077, 2, 5, 200),
(1174, 2077, 3, 5, 200),
(1175, 2077, 4, 5, 200),
(1176, 2077, 5, 5, 200),
(1177, 2077, 6, 5, 200),
(1178, 2077, 7, 5, 200),
(1179, 2077, 8, 5, 200),
(1180, 2077, 1, 6, 200),
(1181, 2077, 2, 6, 200),
(1182, 2077, 3, 6, 200),
(1183, 2077, 4, 6, 200),
(1184, 2077, 5, 6, 200),
(1185, 2077, 6, 6, 200),
(1186, 2077, 7, 6, 200),
(1187, 2077, 8, 6, 200),
(1188, 2077, 1, 7, 200),
(1189, 2077, 2, 7, 200),
(1190, 2077, 3, 7, 200),
(1191, 2077, 4, 7, 200),
(1192, 2077, 5, 7, 200),
(1193, 2077, 6, 7, 200),
(1194, 2077, 7, 7, 200),
(1195, 2077, 8, 7, 200),
(1196, 2077, 1, 8, 200),
(1197, 2077, 2, 8, 200),
(1198, 2077, 3, 8, 200),
(1199, 2077, 4, 8, 200),
(1200, 2077, 5, 8, 200),
(1201, 2077, 6, 8, 200),
(1202, 2077, 7, 8, 200),
(1203, 2077, 8, 8, 200),
(1204, 2077, 1, 9, 200),
(1205, 2077, 2, 9, 200),
(1206, 2077, 3, 9, 200),
(1207, 2077, 4, 9, 200),
(1208, 2077, 5, 9, 200),
(1209, 2077, 6, 9, 200),
(1210, 2077, 7, 9, 200),
(1211, 2077, 8, 9, 200),
(1212, 2078, 1, 4, 200),
(1213, 2078, 2, 4, 200),
(1214, 2078, 3, 4, 200),
(1215, 2078, 4, 4, 200),
(1216, 2078, 5, 4, 200),
(1217, 2078, 6, 4, 200),
(1218, 2078, 7, 4, 200),
(1219, 2078, 8, 4, 200),
(1220, 2078, 1, 5, 200),
(1221, 2078, 2, 5, 200),
(1222, 2078, 3, 5, 200),
(1223, 2078, 4, 5, 200),
(1224, 2078, 5, 5, 200),
(1225, 2078, 6, 5, 200),
(1226, 2078, 7, 5, 200),
(1227, 2078, 8, 5, 200),
(1228, 2078, 1, 6, 200),
(1229, 2078, 2, 6, 200),
(1230, 2078, 3, 6, 200),
(1231, 2078, 4, 6, 200),
(1232, 2078, 5, 6, 200),
(1233, 2078, 6, 6, 200),
(1234, 2078, 7, 6, 200),
(1235, 2078, 8, 6, 200),
(1236, 2078, 1, 7, 200),
(1237, 2078, 2, 7, 200),
(1238, 2078, 3, 7, 200),
(1239, 2078, 4, 7, 200),
(1240, 2078, 5, 7, 200),
(1241, 2078, 6, 7, 200),
(1242, 2078, 7, 7, 200),
(1243, 2078, 8, 7, 200),
(1244, 2078, 1, 8, 200),
(1245, 2078, 2, 8, 200),
(1246, 2078, 3, 8, 200),
(1247, 2078, 4, 8, 200),
(1248, 2078, 5, 8, 200),
(1249, 2078, 6, 8, 200),
(1250, 2078, 7, 8, 200),
(1251, 2078, 8, 8, 200),
(1252, 2078, 1, 9, 200),
(1253, 2078, 2, 9, 200),
(1254, 2078, 3, 9, 200),
(1255, 2078, 4, 9, 200),
(1256, 2078, 5, 9, 200),
(1257, 2078, 6, 9, 200),
(1258, 2078, 7, 9, 200),
(1259, 2078, 8, 9, 200),
(1260, 2079, 1, 4, 200),
(1261, 2079, 2, 4, 200),
(1262, 2079, 3, 4, 200),
(1263, 2079, 4, 4, 200),
(1264, 2079, 5, 4, 200),
(1265, 2079, 6, 4, 200),
(1266, 2079, 7, 4, 200),
(1267, 2079, 8, 4, 200),
(1268, 2079, 1, 5, 200),
(1269, 2079, 2, 5, 200),
(1270, 2079, 3, 5, 200),
(1271, 2079, 4, 5, 200),
(1272, 2079, 5, 5, 200),
(1273, 2079, 6, 5, 200),
(1274, 2079, 7, 5, 200),
(1275, 2079, 8, 5, 200),
(1276, 2079, 1, 6, 200),
(1277, 2079, 2, 6, 200),
(1278, 2079, 3, 6, 200),
(1279, 2079, 4, 6, 200),
(1280, 2079, 5, 6, 200),
(1281, 2079, 6, 6, 200),
(1282, 2079, 7, 6, 200),
(1283, 2079, 8, 6, 200),
(1284, 2079, 1, 7, 200),
(1285, 2079, 2, 7, 200),
(1286, 2079, 3, 7, 200),
(1287, 2079, 4, 7, 200),
(1288, 2079, 5, 7, 200),
(1289, 2079, 6, 7, 200),
(1290, 2079, 7, 7, 200),
(1291, 2079, 8, 7, 200),
(1292, 2079, 1, 8, 200),
(1293, 2079, 2, 8, 200),
(1294, 2079, 3, 8, 200),
(1295, 2079, 4, 8, 200),
(1296, 2079, 5, 8, 200),
(1297, 2079, 6, 8, 200),
(1298, 2079, 7, 8, 200),
(1299, 2079, 8, 8, 200),
(1300, 2079, 1, 9, 200),
(1301, 2079, 2, 9, 200),
(1302, 2079, 3, 9, 200),
(1303, 2079, 4, 9, 200),
(1304, 2079, 5, 9, 200),
(1305, 2079, 6, 9, 200),
(1306, 2079, 7, 9, 200),
(1307, 2079, 8, 9, 200),
(1308, 2080, 1, 4, 200),
(1309, 2080, 2, 4, 200),
(1310, 2080, 3, 4, 200),
(1311, 2080, 4, 4, 200),
(1312, 2080, 5, 4, 200),
(1313, 2080, 6, 4, 200),
(1314, 2080, 7, 4, 200),
(1315, 2080, 8, 4, 200),
(1316, 2080, 1, 5, 200),
(1317, 2080, 2, 5, 200),
(1318, 2080, 3, 5, 200),
(1319, 2080, 4, 5, 200),
(1320, 2080, 5, 5, 200),
(1321, 2080, 6, 5, 200),
(1322, 2080, 7, 5, 200),
(1323, 2080, 8, 5, 200),
(1324, 2080, 1, 6, 200),
(1325, 2080, 2, 6, 200),
(1326, 2080, 3, 6, 200),
(1327, 2080, 4, 6, 200),
(1328, 2080, 5, 6, 200),
(1329, 2080, 6, 6, 200),
(1330, 2080, 7, 6, 200),
(1331, 2080, 8, 6, 200),
(1332, 2080, 1, 7, 200),
(1333, 2080, 2, 7, 200),
(1334, 2080, 3, 7, 200),
(1335, 2080, 4, 7, 200),
(1336, 2080, 5, 7, 200),
(1337, 2080, 6, 7, 200),
(1338, 2080, 7, 7, 200),
(1339, 2080, 8, 7, 200),
(1340, 2080, 1, 8, 200),
(1341, 2080, 2, 8, 200),
(1342, 2080, 3, 8, 200),
(1343, 2080, 4, 8, 200),
(1344, 2080, 5, 8, 200),
(1345, 2080, 6, 8, 200),
(1346, 2080, 7, 8, 200),
(1347, 2080, 8, 8, 200),
(1348, 2080, 1, 9, 200),
(1349, 2080, 2, 9, 200),
(1350, 2080, 3, 9, 200),
(1351, 2080, 4, 9, 200),
(1352, 2080, 5, 9, 200),
(1353, 2080, 6, 9, 200),
(1354, 2080, 7, 9, 200),
(1355, 2080, 8, 9, 200),
(1356, 2081, 1, 4, 200),
(1357, 2081, 2, 4, 200),
(1358, 2081, 3, 4, 200),
(1359, 2081, 4, 4, 200),
(1360, 2081, 5, 4, 200),
(1361, 2081, 6, 4, 200),
(1362, 2081, 7, 4, 200),
(1363, 2081, 8, 4, 200),
(1364, 2081, 1, 5, 200),
(1365, 2081, 2, 5, 200),
(1366, 2081, 3, 5, 200),
(1367, 2081, 4, 5, 200),
(1368, 2081, 5, 5, 200),
(1369, 2081, 6, 5, 200),
(1370, 2081, 7, 5, 200),
(1371, 2081, 8, 5, 200),
(1372, 2081, 1, 6, 200),
(1373, 2081, 2, 6, 200),
(1374, 2081, 3, 6, 200),
(1375, 2081, 4, 6, 200),
(1376, 2081, 5, 6, 200),
(1377, 2081, 6, 6, 200),
(1378, 2081, 7, 6, 200),
(1379, 2081, 8, 6, 200),
(1380, 2081, 1, 7, 200),
(1381, 2081, 2, 7, 200),
(1382, 2081, 3, 7, 200),
(1383, 2081, 4, 7, 200),
(1384, 2081, 5, 7, 200),
(1385, 2081, 6, 7, 200),
(1386, 2081, 7, 7, 200),
(1387, 2081, 8, 7, 200),
(1388, 2081, 1, 8, 200),
(1389, 2081, 2, 8, 200),
(1390, 2081, 3, 8, 200),
(1391, 2081, 4, 8, 200),
(1392, 2081, 5, 8, 200),
(1393, 2081, 6, 8, 200),
(1394, 2081, 7, 8, 200),
(1395, 2081, 8, 8, 200),
(1396, 2081, 1, 9, 200),
(1397, 2081, 2, 9, 200),
(1398, 2081, 3, 9, 200),
(1399, 2081, 4, 9, 200),
(1400, 2081, 5, 9, 200),
(1401, 2081, 6, 9, 200),
(1402, 2081, 7, 9, 200),
(1403, 2081, 8, 9, 200),
(1404, 2082, 1, 4, 200),
(1405, 2082, 2, 4, 200),
(1406, 2082, 3, 4, 200),
(1407, 2082, 4, 4, 200),
(1408, 2082, 5, 4, 200),
(1409, 2082, 6, 4, 200),
(1410, 2082, 7, 4, 200),
(1411, 2082, 8, 4, 200),
(1412, 2082, 1, 5, 200),
(1413, 2082, 2, 5, 200),
(1414, 2082, 3, 5, 200),
(1415, 2082, 4, 5, 200),
(1416, 2082, 5, 5, 200),
(1417, 2082, 6, 5, 200),
(1418, 2082, 7, 5, 200),
(1419, 2082, 8, 5, 200),
(1420, 2082, 1, 6, 200),
(1421, 2082, 2, 6, 200),
(1422, 2082, 3, 6, 200),
(1423, 2082, 4, 6, 200),
(1424, 2082, 5, 6, 200),
(1425, 2082, 6, 6, 200),
(1426, 2082, 7, 6, 200),
(1427, 2082, 8, 6, 200),
(1428, 2082, 1, 7, 200),
(1429, 2082, 2, 7, 200),
(1430, 2082, 3, 7, 200),
(1431, 2082, 4, 7, 200),
(1432, 2082, 5, 7, 200),
(1433, 2082, 6, 7, 200),
(1434, 2082, 7, 7, 200),
(1435, 2082, 8, 7, 200),
(1436, 2082, 1, 8, 200),
(1437, 2082, 2, 8, 200),
(1438, 2082, 3, 8, 200),
(1439, 2082, 4, 8, 200),
(1440, 2082, 5, 8, 200),
(1441, 2082, 6, 8, 200),
(1442, 2082, 7, 8, 200),
(1443, 2082, 8, 8, 200),
(1444, 2082, 1, 9, 200),
(1445, 2082, 2, 9, 200),
(1446, 2082, 3, 9, 200),
(1447, 2082, 4, 9, 200),
(1448, 2082, 5, 9, 200),
(1449, 2082, 6, 9, 200),
(1450, 2082, 7, 9, 200),
(1451, 2082, 8, 9, 200),
(1452, 2083, 1, 4, 200),
(1453, 2083, 2, 4, 200),
(1454, 2083, 3, 4, 200),
(1455, 2083, 4, 4, 200),
(1456, 2083, 5, 4, 200),
(1457, 2083, 6, 4, 200),
(1458, 2083, 7, 4, 200),
(1459, 2083, 8, 4, 200),
(1460, 2083, 1, 5, 200),
(1461, 2083, 2, 5, 200),
(1462, 2083, 3, 5, 200),
(1463, 2083, 4, 5, 200),
(1464, 2083, 5, 5, 200),
(1465, 2083, 6, 5, 200),
(1466, 2083, 7, 5, 200),
(1467, 2083, 8, 5, 200),
(1468, 2083, 1, 6, 200),
(1469, 2083, 2, 6, 200),
(1470, 2083, 3, 6, 200),
(1471, 2083, 4, 6, 200),
(1472, 2083, 5, 6, 200),
(1473, 2083, 6, 6, 200),
(1474, 2083, 7, 6, 200),
(1475, 2083, 8, 6, 200),
(1476, 2083, 1, 7, 200),
(1477, 2083, 2, 7, 200),
(1478, 2083, 3, 7, 200),
(1479, 2083, 4, 7, 200),
(1480, 2083, 5, 7, 200),
(1481, 2083, 6, 7, 200),
(1482, 2083, 7, 7, 200),
(1483, 2083, 8, 7, 200),
(1484, 2083, 1, 8, 200),
(1485, 2083, 2, 8, 200),
(1486, 2083, 3, 8, 200),
(1487, 2083, 4, 8, 200),
(1488, 2083, 5, 8, 200),
(1489, 2083, 6, 8, 200),
(1490, 2083, 7, 8, 200),
(1491, 2083, 8, 8, 200),
(1492, 2083, 1, 9, 200),
(1493, 2083, 2, 9, 200),
(1494, 2083, 3, 9, 200),
(1495, 2083, 4, 9, 200),
(1496, 2083, 5, 9, 200),
(1497, 2083, 6, 9, 200),
(1498, 2083, 7, 9, 200),
(1499, 2083, 8, 9, 200),
(1500, 2098, 1, 4, 200),
(1501, 2098, 2, 4, 200),
(1502, 2098, 3, 4, 200),
(1503, 2098, 4, 4, 200),
(1504, 2098, 5, 4, 200),
(1505, 2098, 6, 4, 200),
(1506, 2098, 7, 4, 200),
(1507, 2098, 8, 4, 200),
(1508, 2098, 1, 5, 200),
(1509, 2098, 2, 5, 200),
(1510, 2098, 3, 5, 200),
(1511, 2098, 4, 5, 200),
(1512, 2098, 5, 5, 200),
(1513, 2098, 6, 5, 200),
(1514, 2098, 7, 5, 200),
(1515, 2098, 8, 5, 200),
(1516, 2098, 1, 6, 200),
(1517, 2098, 2, 6, 200),
(1518, 2098, 3, 6, 200),
(1519, 2098, 4, 6, 200),
(1520, 2098, 5, 6, 200),
(1521, 2098, 6, 6, 200),
(1522, 2098, 7, 6, 200),
(1523, 2098, 8, 6, 200),
(1524, 2098, 1, 7, 200),
(1525, 2098, 2, 7, 200),
(1526, 2098, 3, 7, 200),
(1527, 2098, 4, 7, 200),
(1528, 2098, 5, 7, 200),
(1529, 2098, 6, 7, 200),
(1530, 2098, 7, 7, 200),
(1531, 2098, 8, 7, 200),
(1532, 2098, 1, 8, 200),
(1533, 2098, 2, 8, 200),
(1534, 2098, 3, 8, 200),
(1535, 2098, 4, 8, 200),
(1536, 2098, 5, 8, 200),
(1537, 2098, 6, 8, 200),
(1538, 2098, 7, 8, 200),
(1539, 2098, 8, 8, 200),
(1540, 2098, 1, 9, 200),
(1541, 2098, 2, 9, 200),
(1542, 2098, 3, 9, 200),
(1543, 2098, 4, 9, 200),
(1544, 2098, 5, 9, 200),
(1545, 2098, 6, 9, 200),
(1546, 2098, 7, 9, 200),
(1547, 2098, 8, 9, 200),
(1548, 2099, 1, 4, 200),
(1549, 2099, 2, 4, 200),
(1550, 2099, 3, 4, 200),
(1551, 2099, 4, 4, 200),
(1552, 2099, 5, 4, 200),
(1553, 2099, 6, 4, 200),
(1554, 2099, 7, 4, 200),
(1555, 2099, 8, 4, 200),
(1556, 2099, 1, 5, 200),
(1557, 2099, 2, 5, 200),
(1558, 2099, 3, 5, 200),
(1559, 2099, 4, 5, 200),
(1560, 2099, 5, 5, 200),
(1561, 2099, 6, 5, 200),
(1562, 2099, 7, 5, 200),
(1563, 2099, 8, 5, 200),
(1564, 2099, 1, 6, 200),
(1565, 2099, 2, 6, 200),
(1566, 2099, 3, 6, 200),
(1567, 2099, 4, 6, 200),
(1568, 2099, 5, 6, 200),
(1569, 2099, 6, 6, 200),
(1570, 2099, 7, 6, 200),
(1571, 2099, 8, 6, 200),
(1572, 2099, 1, 7, 200),
(1573, 2099, 2, 7, 200),
(1574, 2099, 3, 7, 200),
(1575, 2099, 4, 7, 200),
(1576, 2099, 5, 7, 200),
(1577, 2099, 6, 7, 200),
(1578, 2099, 7, 7, 200),
(1579, 2099, 8, 7, 200),
(1580, 2099, 1, 8, 200),
(1581, 2099, 2, 8, 200),
(1582, 2099, 3, 8, 200),
(1583, 2099, 4, 8, 200),
(1584, 2099, 5, 8, 200),
(1585, 2099, 6, 8, 200),
(1586, 2099, 7, 8, 200),
(1587, 2099, 8, 8, 200),
(1588, 2099, 1, 9, 200),
(1589, 2099, 2, 9, 200),
(1590, 2099, 3, 9, 200),
(1591, 2099, 4, 9, 200),
(1592, 2099, 5, 9, 200),
(1593, 2099, 6, 9, 200),
(1594, 2099, 7, 9, 200),
(1595, 2099, 8, 9, 200),
(1596, 2100, 1, 4, 200),
(1597, 2100, 2, 4, 200),
(1598, 2100, 3, 4, 200),
(1599, 2100, 4, 4, 200),
(1600, 2100, 5, 4, 200),
(1601, 2100, 6, 4, 200),
(1602, 2100, 7, 4, 200),
(1603, 2100, 8, 4, 200),
(1604, 2100, 1, 5, 200),
(1605, 2100, 2, 5, 200),
(1606, 2100, 3, 5, 200),
(1607, 2100, 4, 5, 200),
(1608, 2100, 5, 5, 200),
(1609, 2100, 6, 5, 200),
(1610, 2100, 7, 5, 200),
(1611, 2100, 8, 5, 200),
(1612, 2100, 1, 6, 200),
(1613, 2100, 2, 6, 200),
(1614, 2100, 3, 6, 200),
(1615, 2100, 4, 6, 200),
(1616, 2100, 5, 6, 200),
(1617, 2100, 6, 6, 200),
(1618, 2100, 7, 6, 200),
(1619, 2100, 8, 6, 200),
(1620, 2100, 1, 7, 200),
(1621, 2100, 2, 7, 200),
(1622, 2100, 3, 7, 200),
(1623, 2100, 4, 7, 200),
(1624, 2100, 5, 7, 200),
(1625, 2100, 6, 7, 200),
(1626, 2100, 7, 7, 200),
(1627, 2100, 8, 7, 200),
(1628, 2100, 1, 8, 200),
(1629, 2100, 2, 8, 200),
(1630, 2100, 3, 8, 200),
(1631, 2100, 4, 8, 200),
(1632, 2100, 5, 8, 200),
(1633, 2100, 6, 8, 200),
(1634, 2100, 7, 8, 200),
(1635, 2100, 8, 8, 200),
(1636, 2100, 1, 9, 200),
(1637, 2100, 2, 9, 200),
(1638, 2100, 3, 9, 200),
(1639, 2100, 4, 9, 200),
(1640, 2100, 5, 9, 200),
(1641, 2100, 6, 9, 200),
(1642, 2100, 7, 9, 200),
(1643, 2100, 8, 9, 200),
(1644, 2101, 1, 4, 200),
(1645, 2101, 2, 4, 200),
(1646, 2101, 3, 4, 200),
(1647, 2101, 4, 4, 200),
(1648, 2101, 5, 4, 200),
(1649, 2101, 6, 4, 200),
(1650, 2101, 7, 4, 200),
(1651, 2101, 8, 4, 200),
(1652, 2101, 1, 5, 200),
(1653, 2101, 2, 5, 200),
(1654, 2101, 3, 5, 200),
(1655, 2101, 4, 5, 200),
(1656, 2101, 5, 5, 200),
(1657, 2101, 6, 5, 200),
(1658, 2101, 7, 5, 200),
(1659, 2101, 8, 5, 200),
(1660, 2101, 1, 6, 200),
(1661, 2101, 2, 6, 200),
(1662, 2101, 3, 6, 200),
(1663, 2101, 4, 6, 200),
(1664, 2101, 5, 6, 200),
(1665, 2101, 6, 6, 200),
(1666, 2101, 7, 6, 200),
(1667, 2101, 8, 6, 200),
(1668, 2101, 1, 7, 200),
(1669, 2101, 2, 7, 200),
(1670, 2101, 3, 7, 200),
(1671, 2101, 4, 7, 200),
(1672, 2101, 5, 7, 200),
(1673, 2101, 6, 7, 200),
(1674, 2101, 7, 7, 200),
(1675, 2101, 8, 7, 200),
(1676, 2101, 1, 8, 200),
(1677, 2101, 2, 8, 200),
(1678, 2101, 3, 8, 200),
(1679, 2101, 4, 8, 200),
(1680, 2101, 5, 8, 200),
(1681, 2101, 6, 8, 200),
(1682, 2101, 7, 8, 200),
(1683, 2101, 8, 8, 200),
(1684, 2101, 1, 9, 200),
(1685, 2101, 2, 9, 200),
(1686, 2101, 3, 9, 200),
(1687, 2101, 4, 9, 200),
(1688, 2101, 5, 9, 200),
(1689, 2101, 6, 9, 200),
(1690, 2101, 7, 9, 200),
(1691, 2101, 8, 9, 200),
(1692, 2102, 1, 4, 200),
(1693, 2102, 2, 4, 200),
(1694, 2102, 3, 4, 200),
(1695, 2102, 4, 4, 200),
(1696, 2102, 5, 4, 200),
(1697, 2102, 6, 4, 200),
(1698, 2102, 7, 4, 200),
(1699, 2102, 8, 4, 200),
(1700, 2102, 1, 5, 200),
(1701, 2102, 2, 5, 200),
(1702, 2102, 3, 5, 200),
(1703, 2102, 4, 5, 200),
(1704, 2102, 5, 5, 200),
(1705, 2102, 6, 5, 200),
(1706, 2102, 7, 5, 200),
(1707, 2102, 8, 5, 200),
(1708, 2102, 1, 6, 200),
(1709, 2102, 2, 6, 200),
(1710, 2102, 3, 6, 200),
(1711, 2102, 4, 6, 200),
(1712, 2102, 5, 6, 200),
(1713, 2102, 6, 6, 200),
(1714, 2102, 7, 6, 200),
(1715, 2102, 8, 6, 200),
(1716, 2102, 1, 7, 200),
(1717, 2102, 2, 7, 200),
(1718, 2102, 3, 7, 200),
(1719, 2102, 4, 7, 200),
(1720, 2102, 5, 7, 200),
(1721, 2102, 6, 7, 200),
(1722, 2102, 7, 7, 200),
(1723, 2102, 8, 7, 200),
(1724, 2102, 1, 8, 200),
(1725, 2102, 2, 8, 200),
(1726, 2102, 3, 8, 200),
(1727, 2102, 4, 8, 200),
(1728, 2102, 5, 8, 200),
(1729, 2102, 6, 8, 200),
(1730, 2102, 7, 8, 200),
(1731, 2102, 8, 8, 200),
(1732, 2102, 1, 9, 200),
(1733, 2102, 2, 9, 200),
(1734, 2102, 3, 9, 200),
(1735, 2102, 4, 9, 200),
(1736, 2102, 5, 9, 200),
(1737, 2102, 6, 9, 200),
(1738, 2102, 7, 9, 200),
(1739, 2102, 8, 9, 200),
(1740, 2103, 1, 4, 200),
(1741, 2103, 2, 4, 200),
(1742, 2103, 3, 4, 200),
(1743, 2103, 4, 4, 200),
(1744, 2103, 5, 4, 200),
(1745, 2103, 6, 4, 200),
(1746, 2103, 7, 4, 200),
(1747, 2103, 8, 4, 200),
(1748, 2103, 1, 5, 200),
(1749, 2103, 2, 5, 200),
(1750, 2103, 3, 5, 200),
(1751, 2103, 4, 5, 200),
(1752, 2103, 5, 5, 200),
(1753, 2103, 6, 5, 200),
(1754, 2103, 7, 5, 200),
(1755, 2103, 8, 5, 200),
(1756, 2103, 1, 6, 200),
(1757, 2103, 2, 6, 200),
(1758, 2103, 3, 6, 200),
(1759, 2103, 4, 6, 200),
(1760, 2103, 5, 6, 200),
(1761, 2103, 6, 6, 200),
(1762, 2103, 7, 6, 200),
(1763, 2103, 8, 6, 200),
(1764, 2103, 1, 7, 200),
(1765, 2103, 2, 7, 200),
(1766, 2103, 3, 7, 200),
(1767, 2103, 4, 7, 200),
(1768, 2103, 5, 7, 200),
(1769, 2103, 6, 7, 200),
(1770, 2103, 7, 7, 200),
(1771, 2103, 8, 7, 200),
(1772, 2103, 1, 8, 200),
(1773, 2103, 2, 8, 200),
(1774, 2103, 3, 8, 200),
(1775, 2103, 4, 8, 200),
(1776, 2103, 5, 8, 200),
(1777, 2103, 6, 8, 200),
(1778, 2103, 7, 8, 200),
(1779, 2103, 8, 8, 200),
(1780, 2103, 1, 9, 200),
(1781, 2103, 2, 9, 200),
(1782, 2103, 3, 9, 200),
(1783, 2103, 4, 9, 200),
(1784, 2103, 5, 9, 200),
(1785, 2103, 6, 9, 200),
(1786, 2103, 7, 9, 200),
(1787, 2103, 8, 9, 200),
(1788, 2104, 1, 4, 200),
(1789, 2104, 2, 4, 200),
(1790, 2104, 3, 4, 200),
(1791, 2104, 4, 4, 200),
(1792, 2104, 5, 4, 200),
(1793, 2104, 6, 4, 200),
(1794, 2104, 7, 4, 200),
(1795, 2104, 8, 4, 200),
(1796, 2104, 1, 5, 200),
(1797, 2104, 2, 5, 200),
(1798, 2104, 3, 5, 200),
(1799, 2104, 4, 5, 200),
(1800, 2104, 5, 5, 200),
(1801, 2104, 6, 5, 200),
(1802, 2104, 7, 5, 200),
(1803, 2104, 8, 5, 200),
(1804, 2104, 1, 6, 200),
(1805, 2104, 2, 6, 200),
(1806, 2104, 3, 6, 200),
(1807, 2104, 4, 6, 200),
(1808, 2104, 5, 6, 200),
(1809, 2104, 6, 6, 200),
(1810, 2104, 7, 6, 200),
(1811, 2104, 8, 6, 200),
(1812, 2104, 1, 7, 200),
(1813, 2104, 2, 7, 200),
(1814, 2104, 3, 7, 200),
(1815, 2104, 4, 7, 200),
(1816, 2104, 5, 7, 200),
(1817, 2104, 6, 7, 200),
(1818, 2104, 7, 7, 200),
(1819, 2104, 8, 7, 200),
(1820, 2104, 1, 8, 200),
(1821, 2104, 2, 8, 200),
(1822, 2104, 3, 8, 200),
(1823, 2104, 4, 8, 200),
(1824, 2104, 5, 8, 200),
(1825, 2104, 6, 8, 200),
(1826, 2104, 7, 8, 200),
(1827, 2104, 8, 8, 200),
(1828, 2104, 1, 9, 200),
(1829, 2104, 2, 9, 200),
(1830, 2104, 3, 9, 200),
(1831, 2104, 4, 9, 200),
(1832, 2104, 5, 9, 200),
(1833, 2104, 6, 9, 200),
(1834, 2104, 7, 9, 200),
(1835, 2104, 8, 9, 200),
(1836, 2105, 1, 4, 200),
(1837, 2105, 2, 4, 200),
(1838, 2105, 3, 4, 200),
(1839, 2105, 4, 4, 200),
(1840, 2105, 5, 4, 200),
(1841, 2105, 6, 4, 200),
(1842, 2105, 7, 4, 200),
(1843, 2105, 8, 4, 200),
(1844, 2105, 1, 5, 200),
(1845, 2105, 2, 5, 200),
(1846, 2105, 3, 5, 200),
(1847, 2105, 4, 5, 200),
(1848, 2105, 5, 5, 200),
(1849, 2105, 6, 5, 200),
(1850, 2105, 7, 5, 200),
(1851, 2105, 8, 5, 200),
(1852, 2105, 1, 6, 200),
(1853, 2105, 2, 6, 200),
(1854, 2105, 3, 6, 200),
(1855, 2105, 4, 6, 200),
(1856, 2105, 5, 6, 200),
(1857, 2105, 6, 6, 200),
(1858, 2105, 7, 6, 200),
(1859, 2105, 8, 6, 200),
(1860, 2105, 1, 7, 200),
(1861, 2105, 2, 7, 200),
(1862, 2105, 3, 7, 200),
(1863, 2105, 4, 7, 200),
(1864, 2105, 5, 7, 200),
(1865, 2105, 6, 7, 200),
(1866, 2105, 7, 7, 200),
(1867, 2105, 8, 7, 200),
(1868, 2105, 1, 8, 200),
(1869, 2105, 2, 8, 200),
(1870, 2105, 3, 8, 200),
(1871, 2105, 4, 8, 200),
(1872, 2105, 5, 8, 200),
(1873, 2105, 6, 8, 200),
(1874, 2105, 7, 8, 200),
(1875, 2105, 8, 8, 200),
(1876, 2105, 1, 9, 200),
(1877, 2105, 2, 9, 200),
(1878, 2105, 3, 9, 200),
(1879, 2105, 4, 9, 200),
(1880, 2105, 5, 9, 200),
(1881, 2105, 6, 9, 200),
(1882, 2105, 7, 9, 200),
(1883, 2105, 8, 9, 200),
(1884, 2106, 1, 4, 200),
(1885, 2106, 2, 4, 200),
(1886, 2106, 3, 4, 200),
(1887, 2106, 4, 4, 200),
(1888, 2106, 5, 4, 200),
(1889, 2106, 6, 4, 200),
(1890, 2106, 7, 4, 200),
(1891, 2106, 8, 4, 200),
(1892, 2106, 1, 5, 200),
(1893, 2106, 2, 5, 200),
(1894, 2106, 3, 5, 200),
(1895, 2106, 4, 5, 200),
(1896, 2106, 5, 5, 200),
(1897, 2106, 6, 5, 200),
(1898, 2106, 7, 5, 200),
(1899, 2106, 8, 5, 200),
(1900, 2106, 1, 6, 200),
(1901, 2106, 2, 6, 200),
(1902, 2106, 3, 6, 200),
(1903, 2106, 4, 6, 200),
(1904, 2106, 5, 6, 200),
(1905, 2106, 6, 6, 200),
(1906, 2106, 7, 6, 200),
(1907, 2106, 8, 6, 200),
(1908, 2106, 1, 7, 200),
(1909, 2106, 2, 7, 200),
(1910, 2106, 3, 7, 200),
(1911, 2106, 4, 7, 200),
(1912, 2106, 5, 7, 200),
(1913, 2106, 6, 7, 200),
(1914, 2106, 7, 7, 200),
(1915, 2106, 8, 7, 200),
(1916, 2106, 1, 8, 200),
(1917, 2106, 2, 8, 200),
(1918, 2106, 3, 8, 200),
(1919, 2106, 4, 8, 200),
(1920, 2106, 5, 8, 200),
(1921, 2106, 6, 8, 200),
(1922, 2106, 7, 8, 200),
(1923, 2106, 8, 8, 200),
(1924, 2106, 1, 9, 200),
(1925, 2106, 2, 9, 200),
(1926, 2106, 3, 9, 200),
(1927, 2106, 4, 9, 200),
(1928, 2106, 5, 9, 200),
(1929, 2106, 6, 9, 200),
(1930, 2106, 7, 9, 200),
(1931, 2106, 8, 9, 200),
(1932, 2107, 1, 4, 200),
(1933, 2107, 2, 4, 200),
(1934, 2107, 3, 4, 200),
(1935, 2107, 4, 4, 200),
(1936, 2107, 5, 4, 200),
(1937, 2107, 6, 4, 200),
(1938, 2107, 7, 4, 200),
(1939, 2107, 8, 4, 200),
(1940, 2107, 1, 5, 200),
(1941, 2107, 2, 5, 200),
(1942, 2107, 3, 5, 200),
(1943, 2107, 4, 5, 200),
(1944, 2107, 5, 5, 200),
(1945, 2107, 6, 5, 200),
(1946, 2107, 7, 5, 200),
(1947, 2107, 8, 5, 200),
(1948, 2107, 1, 6, 200),
(1949, 2107, 2, 6, 200),
(1950, 2107, 3, 6, 200),
(1951, 2107, 4, 6, 200),
(1952, 2107, 5, 6, 200),
(1953, 2107, 6, 6, 200),
(1954, 2107, 7, 6, 200),
(1955, 2107, 8, 6, 200),
(1956, 2107, 1, 7, 200),
(1957, 2107, 2, 7, 200),
(1958, 2107, 3, 7, 200),
(1959, 2107, 4, 7, 200),
(1960, 2107, 5, 7, 200),
(1961, 2107, 6, 7, 200),
(1962, 2107, 7, 7, 200),
(1963, 2107, 8, 7, 200),
(1964, 2107, 1, 8, 200),
(1965, 2107, 2, 8, 200),
(1966, 2107, 3, 8, 200),
(1967, 2107, 4, 8, 200),
(1968, 2107, 5, 8, 200),
(1969, 2107, 6, 8, 200),
(1970, 2107, 7, 8, 200),
(1971, 2107, 8, 8, 200),
(1972, 2107, 1, 9, 200),
(1973, 2107, 2, 9, 200),
(1974, 2107, 3, 9, 200),
(1975, 2107, 4, 9, 200),
(1976, 2107, 5, 9, 200),
(1977, 2107, 6, 9, 200),
(1978, 2107, 7, 9, 200),
(1979, 2107, 8, 9, 200),
(1980, 2084, 2, 15, 200),
(1981, 2084, 3, 15, 200),
(1982, 2084, 4, 15, 200),
(1983, 2084, 2, 16, 200),
(1984, 2084, 3, 16, 200),
(1985, 2084, 4, 16, 200),
(1986, 2084, 2, 17, 200),
(1987, 2084, 3, 17, 200),
(1988, 2084, 4, 17, 200),
(1989, 2084, 2, 18, 200),
(1990, 2084, 3, 18, 200),
(1991, 2084, 4, 18, 200),
(1992, 2084, 2, 19, 200),
(1993, 2084, 3, 19, 200),
(1994, 2084, 4, 19, 200),
(1995, 2084, 2, 20, 200),
(1996, 2084, 3, 20, 200),
(1997, 2084, 4, 20, 200),
(1998, 2084, 2, 21, 200),
(1999, 2084, 3, 21, 200),
(2000, 2084, 4, 21, 200),
(2001, 2084, 2, 22, 200),
(2002, 2084, 3, 22, 200),
(2003, 2084, 4, 22, 200),
(2004, 2085, 2, 15, 200),
(2005, 2085, 3, 15, 200),
(2006, 2085, 4, 15, 200),
(2007, 2085, 2, 16, 200),
(2008, 2085, 3, 16, 200),
(2009, 2085, 4, 16, 200),
(2010, 2085, 2, 17, 200),
(2011, 2085, 3, 17, 200),
(2012, 2085, 4, 17, 200),
(2013, 2085, 2, 18, 200),
(2014, 2085, 3, 18, 200),
(2015, 2085, 4, 18, 200),
(2016, 2085, 2, 19, 200),
(2017, 2085, 3, 19, 200),
(2018, 2085, 4, 19, 200),
(2019, 2085, 2, 20, 200),
(2020, 2085, 3, 20, 200),
(2021, 2085, 4, 20, 200),
(2022, 2085, 2, 21, 200),
(2023, 2085, 3, 21, 200),
(2024, 2085, 4, 21, 200),
(2025, 2085, 2, 22, 200),
(2026, 2085, 3, 22, 200),
(2027, 2085, 4, 22, 200),
(2028, 2086, 2, 15, 200),
(2029, 2086, 3, 15, 200),
(2030, 2086, 4, 15, 200),
(2031, 2086, 2, 16, 200),
(2032, 2086, 3, 16, 200),
(2033, 2086, 4, 16, 200),
(2034, 2086, 2, 17, 200),
(2035, 2086, 3, 17, 200),
(2036, 2086, 4, 17, 200),
(2037, 2086, 2, 18, 200),
(2038, 2086, 3, 18, 200),
(2039, 2086, 4, 18, 200),
(2040, 2086, 2, 19, 200),
(2041, 2086, 3, 19, 200),
(2042, 2086, 4, 19, 200),
(2043, 2086, 2, 20, 200),
(2044, 2086, 3, 20, 200),
(2045, 2086, 4, 20, 200),
(2046, 2086, 2, 21, 200),
(2047, 2086, 3, 21, 200),
(2048, 2086, 4, 21, 200),
(2049, 2086, 2, 22, 200),
(2050, 2086, 3, 22, 200),
(2051, 2086, 4, 22, 200),
(2052, 2087, 2, 15, 200),
(2053, 2087, 3, 15, 200),
(2054, 2087, 4, 15, 200),
(2055, 2087, 2, 16, 200),
(2056, 2087, 3, 16, 200),
(2057, 2087, 4, 16, 200),
(2058, 2087, 2, 17, 200),
(2059, 2087, 3, 17, 200),
(2060, 2087, 4, 17, 200),
(2061, 2087, 2, 18, 200),
(2062, 2087, 3, 18, 200),
(2063, 2087, 4, 18, 200),
(2064, 2087, 2, 19, 200),
(2065, 2087, 3, 19, 200),
(2066, 2087, 4, 19, 200),
(2067, 2087, 2, 20, 200),
(2068, 2087, 3, 20, 200),
(2069, 2087, 4, 20, 200),
(2070, 2087, 2, 21, 200),
(2071, 2087, 3, 21, 200),
(2072, 2087, 4, 21, 200),
(2073, 2087, 2, 22, 200),
(2074, 2087, 3, 22, 200),
(2075, 2087, 4, 22, 200),
(2076, 2088, 2, 15, 200),
(2077, 2088, 3, 15, 200),
(2078, 2088, 4, 15, 200),
(2079, 2088, 2, 16, 200),
(2080, 2088, 3, 16, 200),
(2081, 2088, 4, 16, 200),
(2082, 2088, 2, 17, 200),
(2083, 2088, 3, 17, 200),
(2084, 2088, 4, 17, 200),
(2085, 2088, 2, 18, 200),
(2086, 2088, 3, 18, 200),
(2087, 2088, 4, 18, 200),
(2088, 2088, 2, 19, 200),
(2089, 2088, 3, 19, 200),
(2090, 2088, 4, 19, 200),
(2091, 2088, 2, 20, 200),
(2092, 2088, 3, 20, 200),
(2093, 2088, 4, 20, 200),
(2094, 2088, 2, 21, 200),
(2095, 2088, 3, 21, 200),
(2096, 2088, 4, 21, 200),
(2097, 2088, 2, 22, 200),
(2098, 2088, 3, 22, 200),
(2099, 2088, 4, 22, 200),
(2100, 2089, 2, 15, 200),
(2101, 2089, 3, 15, 200),
(2102, 2089, 4, 15, 200),
(2103, 2089, 2, 16, 200),
(2104, 2089, 3, 16, 200),
(2105, 2089, 4, 16, 200),
(2106, 2089, 2, 17, 200),
(2107, 2089, 3, 17, 200),
(2108, 2089, 4, 17, 200),
(2109, 2089, 2, 18, 200),
(2110, 2089, 3, 18, 200),
(2111, 2089, 4, 18, 200),
(2112, 2089, 2, 19, 200),
(2113, 2089, 3, 19, 200),
(2114, 2089, 4, 19, 200),
(2115, 2089, 2, 20, 200),
(2116, 2089, 3, 20, 200),
(2117, 2089, 4, 20, 200),
(2118, 2089, 2, 21, 200),
(2119, 2089, 3, 21, 200),
(2120, 2089, 4, 21, 200),
(2121, 2089, 2, 22, 200),
(2122, 2089, 3, 22, 200),
(2123, 2089, 4, 22, 200),
(2124, 2090, 2, 15, 200),
(2125, 2090, 3, 15, 200),
(2126, 2090, 4, 15, 200),
(2127, 2090, 2, 16, 200),
(2128, 2090, 3, 16, 200),
(2129, 2090, 4, 16, 200),
(2130, 2090, 2, 17, 200),
(2131, 2090, 3, 17, 200),
(2132, 2090, 4, 17, 200),
(2133, 2090, 2, 18, 200),
(2134, 2090, 3, 18, 200),
(2135, 2090, 4, 18, 200),
(2136, 2090, 2, 19, 200),
(2137, 2090, 3, 19, 200),
(2138, 2090, 4, 19, 200),
(2139, 2090, 2, 20, 200),
(2140, 2090, 3, 20, 200),
(2141, 2090, 4, 20, 200),
(2142, 2090, 2, 21, 200),
(2143, 2090, 3, 21, 200),
(2144, 2090, 4, 21, 200),
(2145, 2090, 2, 22, 200),
(2146, 2090, 3, 22, 200),
(2147, 2090, 4, 22, 200),
(2148, 2091, 2, 15, 200),
(2149, 2091, 3, 15, 200),
(2150, 2091, 4, 15, 200),
(2151, 2091, 2, 16, 200),
(2152, 2091, 3, 16, 200),
(2153, 2091, 4, 16, 200),
(2154, 2091, 2, 17, 200),
(2155, 2091, 3, 17, 200),
(2156, 2091, 4, 17, 200),
(2157, 2091, 2, 18, 200),
(2158, 2091, 3, 18, 200),
(2159, 2091, 4, 18, 200),
(2160, 2091, 2, 19, 200),
(2161, 2091, 3, 19, 200),
(2162, 2091, 4, 19, 200),
(2163, 2091, 2, 20, 200),
(2164, 2091, 3, 20, 200),
(2165, 2091, 4, 20, 200),
(2166, 2091, 2, 21, 200),
(2167, 2091, 3, 21, 200),
(2168, 2091, 4, 21, 200),
(2169, 2091, 2, 22, 200),
(2170, 2091, 3, 22, 200),
(2171, 2091, 4, 22, 200),
(2172, 2092, 2, 15, 200),
(2173, 2092, 3, 15, 200),
(2174, 2092, 4, 15, 200),
(2175, 2092, 2, 16, 200),
(2176, 2092, 3, 16, 200),
(2177, 2092, 4, 16, 200),
(2178, 2092, 2, 17, 200),
(2179, 2092, 3, 17, 200),
(2180, 2092, 4, 17, 200),
(2181, 2092, 2, 18, 200),
(2182, 2092, 3, 18, 200),
(2183, 2092, 4, 18, 200),
(2184, 2092, 2, 19, 200),
(2185, 2092, 3, 19, 200),
(2186, 2092, 4, 19, 200),
(2187, 2092, 2, 20, 200),
(2188, 2092, 3, 20, 200),
(2189, 2092, 4, 20, 200),
(2190, 2092, 2, 21, 200),
(2191, 2092, 3, 21, 200),
(2192, 2092, 4, 21, 200),
(2193, 2092, 2, 22, 200),
(2194, 2092, 3, 22, 200),
(2195, 2092, 4, 22, 200),
(2196, 2093, 2, 15, 200),
(2197, 2093, 3, 15, 200),
(2198, 2093, 4, 15, 200),
(2199, 2093, 2, 16, 200),
(2200, 2093, 3, 16, 200),
(2201, 2093, 4, 16, 200),
(2202, 2093, 2, 17, 200),
(2203, 2093, 3, 17, 200),
(2204, 2093, 4, 17, 200),
(2205, 2093, 2, 18, 200),
(2206, 2093, 3, 18, 200),
(2207, 2093, 4, 18, 200),
(2208, 2093, 2, 19, 200),
(2209, 2093, 3, 19, 200),
(2210, 2093, 4, 19, 200),
(2211, 2093, 2, 20, 200),
(2212, 2093, 3, 20, 200),
(2213, 2093, 4, 20, 200),
(2214, 2093, 2, 21, 200),
(2215, 2093, 3, 21, 200),
(2216, 2093, 4, 21, 200),
(2217, 2093, 2, 22, 200),
(2218, 2093, 3, 22, 200),
(2219, 2093, 4, 22, 200),
(2220, 2094, 2, 15, 200),
(2221, 2094, 3, 15, 200),
(2222, 2094, 4, 15, 200),
(2223, 2094, 2, 16, 200),
(2224, 2094, 3, 16, 200),
(2225, 2094, 4, 16, 200),
(2226, 2094, 2, 17, 200),
(2227, 2094, 3, 17, 200),
(2228, 2094, 4, 17, 200),
(2229, 2094, 2, 18, 200),
(2230, 2094, 3, 18, 200),
(2231, 2094, 4, 18, 200),
(2232, 2094, 2, 19, 200),
(2233, 2094, 3, 19, 200),
(2234, 2094, 4, 19, 200),
(2235, 2094, 2, 20, 200),
(2236, 2094, 3, 20, 200),
(2237, 2094, 4, 20, 200),
(2238, 2094, 2, 21, 200),
(2239, 2094, 3, 21, 200),
(2240, 2094, 4, 21, 200),
(2241, 2094, 2, 22, 200),
(2242, 2094, 3, 22, 200),
(2243, 2094, 4, 22, 200),
(2244, 2095, 2, 15, 200),
(2245, 2095, 3, 15, 200),
(2246, 2095, 4, 15, 200),
(2247, 2095, 2, 16, 200),
(2248, 2095, 3, 16, 200),
(2249, 2095, 4, 16, 200),
(2250, 2095, 2, 17, 200),
(2251, 2095, 3, 17, 200),
(2252, 2095, 4, 17, 200),
(2253, 2095, 2, 18, 200),
(2254, 2095, 3, 18, 200),
(2255, 2095, 4, 18, 200),
(2256, 2095, 2, 19, 200),
(2257, 2095, 3, 19, 200),
(2258, 2095, 4, 19, 200),
(2259, 2095, 2, 20, 200),
(2260, 2095, 3, 20, 200),
(2261, 2095, 4, 20, 200),
(2262, 2095, 2, 21, 200),
(2263, 2095, 3, 21, 200),
(2264, 2095, 4, 21, 200),
(2265, 2095, 2, 22, 200),
(2266, 2095, 3, 22, 200),
(2267, 2095, 4, 22, 200),
(2268, 2096, 2, 15, 200),
(2269, 2096, 3, 15, 200),
(2270, 2096, 4, 15, 200),
(2271, 2096, 2, 16, 200),
(2272, 2096, 3, 16, 200),
(2273, 2096, 4, 16, 200),
(2274, 2096, 2, 17, 200),
(2275, 2096, 3, 17, 200),
(2276, 2096, 4, 17, 200),
(2277, 2096, 2, 18, 200),
(2278, 2096, 3, 18, 200),
(2279, 2096, 4, 18, 200),
(2280, 2096, 2, 19, 200),
(2281, 2096, 3, 19, 200),
(2282, 2096, 4, 19, 200),
(2283, 2096, 2, 20, 200),
(2284, 2096, 3, 20, 200),
(2285, 2096, 4, 20, 200),
(2286, 2096, 2, 21, 200),
(2287, 2096, 3, 21, 200),
(2288, 2096, 4, 21, 200),
(2289, 2096, 2, 22, 200),
(2290, 2096, 3, 22, 200),
(2291, 2096, 4, 22, 200),
(2292, 2109, 2, 15, 200),
(2293, 2109, 3, 15, 200),
(2294, 2109, 4, 15, 200),
(2295, 2109, 2, 16, 200),
(2296, 2109, 3, 16, 200),
(2297, 2109, 4, 16, 200),
(2298, 2109, 2, 17, 200),
(2299, 2109, 3, 17, 200),
(2300, 2109, 4, 17, 200),
(2301, 2109, 2, 18, 200),
(2302, 2109, 3, 18, 200),
(2303, 2109, 4, 18, 200),
(2304, 2109, 2, 19, 200),
(2305, 2109, 3, 19, 200),
(2306, 2109, 4, 19, 200),
(2307, 2109, 2, 20, 200),
(2308, 2109, 3, 20, 200),
(2309, 2109, 4, 20, 200),
(2310, 2109, 2, 21, 200),
(2311, 2109, 3, 21, 200),
(2312, 2109, 4, 21, 200),
(2313, 2109, 2, 22, 200),
(2314, 2109, 3, 22, 200),
(2315, 2109, 4, 22, 200),
(2316, 2110, 2, 15, 200),
(2317, 2110, 3, 15, 200),
(2318, 2110, 4, 15, 200),
(2319, 2110, 2, 16, 200),
(2320, 2110, 3, 16, 200),
(2321, 2110, 4, 16, 200),
(2322, 2110, 2, 17, 200),
(2323, 2110, 3, 17, 200),
(2324, 2110, 4, 17, 200),
(2325, 2110, 2, 18, 200),
(2326, 2110, 3, 18, 200),
(2327, 2110, 4, 18, 200),
(2328, 2110, 2, 19, 200),
(2329, 2110, 3, 19, 200),
(2330, 2110, 4, 19, 200),
(2331, 2110, 2, 20, 200),
(2332, 2110, 3, 20, 200),
(2333, 2110, 4, 20, 200),
(2334, 2110, 2, 21, 200),
(2335, 2110, 3, 21, 200),
(2336, 2110, 4, 21, 200),
(2337, 2110, 2, 22, 200),
(2338, 2110, 3, 22, 200),
(2339, 2110, 4, 22, 200),
(2340, 2111, 2, 15, 200),
(2341, 2111, 3, 15, 200),
(2342, 2111, 4, 15, 200),
(2343, 2111, 2, 16, 200),
(2344, 2111, 3, 16, 200),
(2345, 2111, 4, 16, 200),
(2346, 2111, 2, 17, 200),
(2347, 2111, 3, 17, 200),
(2348, 2111, 4, 17, 200),
(2349, 2111, 2, 18, 200),
(2350, 2111, 3, 18, 200),
(2351, 2111, 4, 18, 200),
(2352, 2111, 2, 19, 200),
(2353, 2111, 3, 19, 200),
(2354, 2111, 4, 19, 200),
(2355, 2111, 2, 20, 200),
(2356, 2111, 3, 20, 200),
(2357, 2111, 4, 20, 200),
(2358, 2111, 2, 21, 200),
(2359, 2111, 3, 21, 200),
(2360, 2111, 4, 21, 200),
(2361, 2111, 2, 22, 200),
(2362, 2111, 3, 22, 200),
(2363, 2111, 4, 22, 200),
(2364, 2112, 2, 15, 200),
(2365, 2112, 3, 15, 200),
(2366, 2112, 4, 15, 200),
(2367, 2112, 2, 16, 200),
(2368, 2112, 3, 16, 200),
(2369, 2112, 4, 16, 200),
(2370, 2112, 2, 17, 200),
(2371, 2112, 3, 17, 200),
(2372, 2112, 4, 17, 200),
(2373, 2112, 2, 18, 200),
(2374, 2112, 3, 18, 200),
(2375, 2112, 4, 18, 200),
(2376, 2112, 2, 19, 200),
(2377, 2112, 3, 19, 200),
(2378, 2112, 4, 19, 200),
(2379, 2112, 2, 20, 200),
(2380, 2112, 3, 20, 200),
(2381, 2112, 4, 20, 200),
(2382, 2112, 2, 21, 200),
(2383, 2112, 3, 21, 200),
(2384, 2112, 4, 21, 200),
(2385, 2112, 2, 22, 200),
(2386, 2112, 3, 22, 200),
(2387, 2112, 4, 22, 200),
(2388, 2113, 2, 15, 200),
(2389, 2113, 3, 15, 200),
(2390, 2113, 4, 15, 200),
(2391, 2113, 2, 16, 200),
(2392, 2113, 3, 16, 200),
(2393, 2113, 4, 16, 200),
(2394, 2113, 2, 17, 200),
(2395, 2113, 3, 17, 200),
(2396, 2113, 4, 17, 200),
(2397, 2113, 2, 18, 200),
(2398, 2113, 3, 18, 200),
(2399, 2113, 4, 18, 200),
(2400, 2113, 2, 19, 200),
(2401, 2113, 3, 19, 200),
(2402, 2113, 4, 19, 200),
(2403, 2113, 2, 20, 200),
(2404, 2113, 3, 20, 200),
(2405, 2113, 4, 20, 200),
(2406, 2113, 2, 21, 200),
(2407, 2113, 3, 21, 200),
(2408, 2113, 4, 21, 200),
(2409, 2113, 2, 22, 200),
(2410, 2113, 3, 22, 200),
(2411, 2113, 4, 22, 200),
(2412, 2114, 2, 15, 200),
(2413, 2114, 3, 15, 200),
(2414, 2114, 4, 15, 200),
(2415, 2114, 2, 16, 200),
(2416, 2114, 3, 16, 200),
(2417, 2114, 4, 16, 200),
(2418, 2114, 2, 17, 200),
(2419, 2114, 3, 17, 200),
(2420, 2114, 4, 17, 200),
(2421, 2114, 2, 18, 200),
(2422, 2114, 3, 18, 200),
(2423, 2114, 4, 18, 200),
(2424, 2114, 2, 19, 200),
(2425, 2114, 3, 19, 200),
(2426, 2114, 4, 19, 200),
(2427, 2114, 2, 20, 200),
(2428, 2114, 3, 20, 200),
(2429, 2114, 4, 20, 200),
(2430, 2114, 2, 21, 200),
(2431, 2114, 3, 21, 200),
(2432, 2114, 4, 21, 200),
(2433, 2114, 2, 22, 200),
(2434, 2114, 3, 22, 200),
(2435, 2114, 4, 22, 200),
(2436, 2115, 1, 15, 200),
(2437, 2115, 2, 15, 200),
(2438, 2115, 3, 15, 200),
(2439, 2115, 4, 15, 200),
(2440, 2115, 6, 15, 200),
(2441, 2115, 1, 16, 200),
(2442, 2115, 2, 16, 200),
(2443, 2115, 3, 16, 200),
(2444, 2115, 4, 16, 200),
(2445, 2115, 6, 16, 200),
(2446, 2115, 1, 17, 200),
(2447, 2115, 2, 17, 200),
(2448, 2115, 3, 17, 200),
(2449, 2115, 4, 17, 200),
(2450, 2115, 6, 17, 200),
(2451, 2115, 1, 18, 200),
(2452, 2115, 2, 18, 200),
(2453, 2115, 3, 18, 200),
(2454, 2115, 4, 18, 200),
(2455, 2115, 6, 18, 200),
(2456, 2115, 1, 19, 200),
(2457, 2115, 2, 19, 200),
(2458, 2115, 3, 19, 200),
(2459, 2115, 4, 19, 200),
(2460, 2115, 6, 19, 200),
(2461, 2115, 1, 20, 200),
(2462, 2115, 2, 20, 200),
(2463, 2115, 3, 20, 200),
(2464, 2115, 4, 20, 200),
(2465, 2115, 6, 20, 200),
(2466, 2115, 1, 21, 200),
(2467, 2115, 2, 21, 200),
(2468, 2115, 3, 21, 200),
(2469, 2115, 4, 21, 200),
(2470, 2115, 6, 21, 200),
(2471, 2115, 1, 22, 200),
(2472, 2115, 2, 22, 200),
(2473, 2115, 3, 22, 200),
(2474, 2115, 4, 22, 200),
(2475, 2115, 6, 22, 200),
(2476, 2116, 1, 15, 200),
(2477, 2116, 2, 15, 200),
(2478, 2116, 3, 15, 200),
(2479, 2116, 4, 15, 200),
(2480, 2116, 6, 15, 200),
(2481, 2116, 1, 16, 200);
INSERT INTO `product_stock` (`stock_id`, `product_id`, `color_id`, `size_id`, `stock_qty`) VALUES
(2482, 2116, 2, 16, 200),
(2483, 2116, 3, 16, 200),
(2484, 2116, 4, 16, 200),
(2485, 2116, 6, 16, 200),
(2486, 2116, 1, 17, 200),
(2487, 2116, 2, 17, 200),
(2488, 2116, 3, 17, 200),
(2489, 2116, 4, 17, 200),
(2490, 2116, 6, 17, 200),
(2491, 2116, 1, 18, 200),
(2492, 2116, 2, 18, 200),
(2493, 2116, 3, 18, 200),
(2494, 2116, 4, 18, 200),
(2495, 2116, 6, 18, 200),
(2496, 2116, 1, 19, 200),
(2497, 2116, 2, 19, 200),
(2498, 2116, 3, 19, 200),
(2499, 2116, 4, 19, 200),
(2500, 2116, 6, 19, 200),
(2501, 2116, 1, 20, 200),
(2502, 2116, 2, 20, 200),
(2503, 2116, 3, 20, 200),
(2504, 2116, 4, 20, 200),
(2505, 2116, 6, 20, 200),
(2506, 2116, 1, 21, 200),
(2507, 2116, 2, 21, 200),
(2508, 2116, 3, 21, 200),
(2509, 2116, 4, 21, 200),
(2510, 2116, 6, 21, 200),
(2511, 2116, 1, 22, 200),
(2512, 2116, 2, 22, 200),
(2513, 2116, 3, 22, 200),
(2514, 2116, 4, 22, 200),
(2515, 2116, 6, 22, 200),
(2516, 2117, 1, 15, 200),
(2517, 2117, 2, 15, 200),
(2518, 2117, 3, 15, 200),
(2519, 2117, 4, 15, 200),
(2520, 2117, 6, 15, 200),
(2521, 2117, 1, 16, 200),
(2522, 2117, 2, 16, 200),
(2523, 2117, 3, 16, 200),
(2524, 2117, 4, 16, 200),
(2525, 2117, 6, 16, 200),
(2526, 2117, 1, 17, 200),
(2527, 2117, 2, 17, 200),
(2528, 2117, 3, 17, 200),
(2529, 2117, 4, 17, 200),
(2530, 2117, 6, 17, 200),
(2531, 2117, 1, 18, 200),
(2532, 2117, 2, 18, 200),
(2533, 2117, 3, 18, 200),
(2534, 2117, 4, 18, 200),
(2535, 2117, 6, 18, 200),
(2536, 2117, 1, 19, 200),
(2537, 2117, 2, 19, 200),
(2538, 2117, 3, 19, 200),
(2539, 2117, 4, 19, 200),
(2540, 2117, 6, 19, 200),
(2541, 2117, 1, 20, 200),
(2542, 2117, 2, 20, 200),
(2543, 2117, 3, 20, 200),
(2544, 2117, 4, 20, 200),
(2545, 2117, 6, 20, 200),
(2546, 2117, 1, 21, 200),
(2547, 2117, 2, 21, 200),
(2548, 2117, 3, 21, 200),
(2549, 2117, 4, 21, 200),
(2550, 2117, 6, 21, 200),
(2551, 2117, 1, 22, 200),
(2552, 2117, 2, 22, 200),
(2553, 2117, 3, 22, 200),
(2554, 2117, 4, 22, 200),
(2555, 2117, 6, 22, 200),
(2556, 2118, 1, 15, 200),
(2557, 2118, 2, 15, 200),
(2558, 2118, 3, 15, 200),
(2559, 2118, 4, 15, 200),
(2560, 2118, 6, 15, 200),
(2561, 2118, 1, 16, 200),
(2562, 2118, 2, 16, 200),
(2563, 2118, 3, 16, 200),
(2564, 2118, 4, 16, 200),
(2565, 2118, 6, 16, 200),
(2566, 2118, 1, 17, 200),
(2567, 2118, 2, 17, 200),
(2568, 2118, 3, 17, 200),
(2569, 2118, 4, 17, 200),
(2570, 2118, 6, 17, 200),
(2571, 2118, 1, 18, 200),
(2572, 2118, 2, 18, 200),
(2573, 2118, 3, 18, 200),
(2574, 2118, 4, 18, 200),
(2575, 2118, 6, 18, 200),
(2576, 2118, 1, 19, 200),
(2577, 2118, 2, 19, 200),
(2578, 2118, 3, 19, 200),
(2579, 2118, 4, 19, 200),
(2580, 2118, 6, 19, 200),
(2581, 2118, 1, 20, 200),
(2582, 2118, 2, 20, 200),
(2583, 2118, 3, 20, 200),
(2584, 2118, 4, 20, 200),
(2585, 2118, 6, 20, 200),
(2586, 2118, 1, 21, 200),
(2587, 2118, 2, 21, 200),
(2588, 2118, 3, 21, 200),
(2589, 2118, 4, 21, 200),
(2590, 2118, 6, 21, 200),
(2591, 2118, 1, 22, 200),
(2592, 2118, 2, 22, 200),
(2593, 2118, 3, 22, 200),
(2594, 2118, 4, 22, 200),
(2595, 2118, 6, 22, 200),
(2596, 2119, 1, 15, 200),
(2597, 2119, 2, 15, 200),
(2598, 2119, 3, 15, 200),
(2599, 2119, 4, 15, 200),
(2600, 2119, 6, 15, 200),
(2601, 2119, 1, 16, 200),
(2602, 2119, 2, 16, 200),
(2603, 2119, 3, 16, 200),
(2604, 2119, 4, 16, 200),
(2605, 2119, 6, 16, 200),
(2606, 2119, 1, 17, 200),
(2607, 2119, 2, 17, 200),
(2608, 2119, 3, 17, 200),
(2609, 2119, 4, 17, 200),
(2610, 2119, 6, 17, 200),
(2611, 2119, 1, 18, 200),
(2612, 2119, 2, 18, 200),
(2613, 2119, 3, 18, 200),
(2614, 2119, 4, 18, 200),
(2615, 2119, 6, 18, 200),
(2616, 2119, 1, 19, 200),
(2617, 2119, 2, 19, 200),
(2618, 2119, 3, 19, 200),
(2619, 2119, 4, 19, 200),
(2620, 2119, 6, 19, 200),
(2621, 2119, 1, 20, 200),
(2622, 2119, 2, 20, 200),
(2623, 2119, 3, 20, 200),
(2624, 2119, 4, 20, 200),
(2625, 2119, 6, 20, 200),
(2626, 2119, 1, 21, 200),
(2627, 2119, 2, 21, 200),
(2628, 2119, 3, 21, 200),
(2629, 2119, 4, 21, 200),
(2630, 2119, 6, 21, 200),
(2631, 2119, 1, 22, 200),
(2632, 2119, 2, 22, 200),
(2633, 2119, 3, 22, 200),
(2634, 2119, 4, 22, 200),
(2635, 2119, 6, 22, 200),
(2636, 2130, 1, 15, 200),
(2637, 2130, 2, 15, 200),
(2638, 2130, 3, 15, 200),
(2639, 2130, 4, 15, 200),
(2640, 2130, 6, 15, 200),
(2641, 2130, 1, 16, 200),
(2642, 2130, 2, 16, 200),
(2643, 2130, 3, 16, 200),
(2644, 2130, 4, 16, 200),
(2645, 2130, 6, 16, 200),
(2646, 2130, 1, 17, 200),
(2647, 2130, 2, 17, 200),
(2648, 2130, 3, 17, 200),
(2649, 2130, 4, 17, 200),
(2650, 2130, 6, 17, 200),
(2651, 2130, 1, 18, 200),
(2652, 2130, 2, 18, 200),
(2653, 2130, 3, 18, 200),
(2654, 2130, 4, 18, 200),
(2655, 2130, 6, 18, 200),
(2656, 2130, 1, 19, 200),
(2657, 2130, 2, 19, 200),
(2658, 2130, 3, 19, 200),
(2659, 2130, 4, 19, 200),
(2660, 2130, 6, 19, 200),
(2661, 2130, 1, 20, 200),
(2662, 2130, 2, 20, 200),
(2663, 2130, 3, 20, 200),
(2664, 2130, 4, 20, 200),
(2665, 2130, 6, 20, 200),
(2666, 2130, 1, 21, 200),
(2667, 2130, 2, 21, 200),
(2668, 2130, 3, 21, 200),
(2669, 2130, 4, 21, 200),
(2670, 2130, 6, 21, 200),
(2671, 2130, 1, 22, 200),
(2672, 2130, 2, 22, 200),
(2673, 2130, 3, 22, 200),
(2674, 2130, 4, 22, 200),
(2675, 2130, 6, 22, 200),
(2676, 2131, 1, 15, 200),
(2677, 2131, 2, 15, 200),
(2678, 2131, 3, 15, 200),
(2679, 2131, 4, 15, 200),
(2680, 2131, 6, 15, 200),
(2681, 2131, 1, 16, 200),
(2682, 2131, 2, 16, 200),
(2683, 2131, 3, 16, 200),
(2684, 2131, 4, 16, 200),
(2685, 2131, 6, 16, 200),
(2686, 2131, 1, 17, 200),
(2687, 2131, 2, 17, 200),
(2688, 2131, 3, 17, 200),
(2689, 2131, 4, 17, 200),
(2690, 2131, 6, 17, 200),
(2691, 2131, 1, 18, 200),
(2692, 2131, 2, 18, 200),
(2693, 2131, 3, 18, 200),
(2694, 2131, 4, 18, 200),
(2695, 2131, 6, 18, 200),
(2696, 2131, 1, 19, 200),
(2697, 2131, 2, 19, 200),
(2698, 2131, 3, 19, 200),
(2699, 2131, 4, 19, 200),
(2700, 2131, 6, 19, 200),
(2701, 2131, 1, 20, 200),
(2702, 2131, 2, 20, 200),
(2703, 2131, 3, 20, 200),
(2704, 2131, 4, 20, 200),
(2705, 2131, 6, 20, 200),
(2706, 2131, 1, 21, 200),
(2707, 2131, 2, 21, 200),
(2708, 2131, 3, 21, 200),
(2709, 2131, 4, 21, 200),
(2710, 2131, 6, 21, 200),
(2711, 2131, 1, 22, 200),
(2712, 2131, 2, 22, 200),
(2713, 2131, 3, 22, 200),
(2714, 2131, 4, 22, 200),
(2715, 2131, 6, 22, 200),
(2716, 2132, 1, 15, 200),
(2717, 2132, 2, 15, 200),
(2718, 2132, 3, 15, 200),
(2719, 2132, 4, 15, 200),
(2720, 2132, 6, 15, 200),
(2721, 2132, 1, 16, 200),
(2722, 2132, 2, 16, 200),
(2723, 2132, 3, 16, 200),
(2724, 2132, 4, 16, 200),
(2725, 2132, 6, 16, 200),
(2726, 2132, 1, 17, 200),
(2727, 2132, 2, 17, 200),
(2728, 2132, 3, 17, 200),
(2729, 2132, 4, 17, 200),
(2730, 2132, 6, 17, 200),
(2731, 2132, 1, 18, 200),
(2732, 2132, 2, 18, 200),
(2733, 2132, 3, 18, 200),
(2734, 2132, 4, 18, 200),
(2735, 2132, 6, 18, 200),
(2736, 2132, 1, 19, 200),
(2737, 2132, 2, 19, 200),
(2738, 2132, 3, 19, 200),
(2739, 2132, 4, 19, 200),
(2740, 2132, 6, 19, 200),
(2741, 2132, 1, 20, 200),
(2742, 2132, 2, 20, 200),
(2743, 2132, 3, 20, 200),
(2744, 2132, 4, 20, 200),
(2745, 2132, 6, 20, 200),
(2746, 2132, 1, 21, 200),
(2747, 2132, 2, 21, 200),
(2748, 2132, 3, 21, 200),
(2749, 2132, 4, 21, 200),
(2750, 2132, 6, 21, 200),
(2751, 2132, 1, 22, 200),
(2752, 2132, 2, 22, 200),
(2753, 2132, 3, 22, 200),
(2754, 2132, 4, 22, 200),
(2755, 2132, 6, 22, 200),
(2756, 2133, 1, 15, 200),
(2757, 2133, 2, 15, 200),
(2758, 2133, 3, 15, 200),
(2759, 2133, 4, 15, 200),
(2760, 2133, 6, 15, 200),
(2761, 2133, 1, 16, 200),
(2762, 2133, 2, 16, 200),
(2763, 2133, 3, 16, 200),
(2764, 2133, 4, 16, 200),
(2765, 2133, 6, 16, 200),
(2766, 2133, 1, 17, 200),
(2767, 2133, 2, 17, 200),
(2768, 2133, 3, 17, 200),
(2769, 2133, 4, 17, 200),
(2770, 2133, 6, 17, 200),
(2771, 2133, 1, 18, 200),
(2772, 2133, 2, 18, 200),
(2773, 2133, 3, 18, 200),
(2774, 2133, 4, 18, 200),
(2775, 2133, 6, 18, 200),
(2776, 2133, 1, 19, 200),
(2777, 2133, 2, 19, 200),
(2778, 2133, 3, 19, 200),
(2779, 2133, 4, 19, 200),
(2780, 2133, 6, 19, 200),
(2781, 2133, 1, 20, 200),
(2782, 2133, 2, 20, 200),
(2783, 2133, 3, 20, 200),
(2784, 2133, 4, 20, 200),
(2785, 2133, 6, 20, 200),
(2786, 2133, 1, 21, 200),
(2787, 2133, 2, 21, 200),
(2788, 2133, 3, 21, 200),
(2789, 2133, 4, 21, 200),
(2790, 2133, 6, 21, 200),
(2791, 2133, 1, 22, 200),
(2792, 2133, 2, 22, 200),
(2793, 2133, 3, 22, 200),
(2794, 2133, 4, 22, 200),
(2795, 2133, 6, 22, 200),
(2796, 2134, 1, 15, 200),
(2797, 2134, 2, 15, 200),
(2798, 2134, 3, 15, 200),
(2799, 2134, 4, 15, 200),
(2800, 2134, 6, 15, 200),
(2801, 2134, 1, 16, 200),
(2802, 2134, 2, 16, 200),
(2803, 2134, 3, 16, 200),
(2804, 2134, 4, 16, 200),
(2805, 2134, 6, 16, 200),
(2806, 2134, 1, 17, 200),
(2807, 2134, 2, 17, 200),
(2808, 2134, 3, 17, 200),
(2809, 2134, 4, 17, 200),
(2810, 2134, 6, 17, 200),
(2811, 2134, 1, 18, 200),
(2812, 2134, 2, 18, 200),
(2813, 2134, 3, 18, 200),
(2814, 2134, 4, 18, 200),
(2815, 2134, 6, 18, 200),
(2816, 2134, 1, 19, 200),
(2817, 2134, 2, 19, 200),
(2818, 2134, 3, 19, 200),
(2819, 2134, 4, 19, 200),
(2820, 2134, 6, 19, 200),
(2821, 2134, 1, 20, 200),
(2822, 2134, 2, 20, 200),
(2823, 2134, 3, 20, 200),
(2824, 2134, 4, 20, 200),
(2825, 2134, 6, 20, 200),
(2826, 2134, 1, 21, 200),
(2827, 2134, 2, 21, 200),
(2828, 2134, 3, 21, 200),
(2829, 2134, 4, 21, 200),
(2830, 2134, 6, 21, 200),
(2831, 2134, 1, 22, 200),
(2832, 2134, 2, 22, 200),
(2833, 2134, 3, 22, 200),
(2834, 2134, 4, 22, 200),
(2835, 2134, 6, 22, 200),
(2836, 2120, 1, 10, 200),
(2837, 2120, 2, 10, 200),
(2838, 2120, 3, 10, 200),
(2839, 2120, 4, 10, 200),
(2840, 2120, 5, 10, 200),
(2841, 2120, 6, 10, 200),
(2842, 2120, 7, 10, 200),
(2843, 2120, 8, 10, 200),
(2844, 2120, 1, 11, 200),
(2845, 2120, 2, 11, 200),
(2846, 2120, 3, 11, 200),
(2847, 2120, 4, 11, 200),
(2848, 2120, 5, 11, 200),
(2849, 2120, 6, 11, 200),
(2850, 2120, 7, 11, 200),
(2851, 2120, 8, 11, 200),
(2852, 2120, 1, 12, 200),
(2853, 2120, 2, 12, 200),
(2854, 2120, 3, 12, 200),
(2855, 2120, 4, 12, 200),
(2856, 2120, 5, 12, 200),
(2857, 2120, 6, 12, 200),
(2858, 2120, 7, 12, 200),
(2859, 2120, 8, 12, 200),
(2860, 2120, 1, 13, 200),
(2861, 2120, 2, 13, 200),
(2862, 2120, 3, 13, 200),
(2863, 2120, 4, 13, 200),
(2864, 2120, 5, 13, 200),
(2865, 2120, 6, 13, 200),
(2866, 2120, 7, 13, 200),
(2867, 2120, 8, 13, 200),
(2868, 2120, 1, 14, 200),
(2869, 2120, 2, 14, 200),
(2870, 2120, 3, 14, 200),
(2871, 2120, 4, 14, 200),
(2872, 2120, 5, 14, 200),
(2873, 2120, 6, 14, 200),
(2874, 2120, 7, 14, 200),
(2875, 2120, 8, 14, 200),
(2876, 2121, 1, 10, 200),
(2877, 2121, 2, 10, 200),
(2878, 2121, 3, 10, 200),
(2879, 2121, 4, 10, 200),
(2880, 2121, 5, 10, 200),
(2881, 2121, 6, 10, 200),
(2882, 2121, 7, 10, 200),
(2883, 2121, 8, 10, 200),
(2884, 2121, 1, 11, 200),
(2885, 2121, 2, 11, 200),
(2886, 2121, 3, 11, 200),
(2887, 2121, 4, 11, 200),
(2888, 2121, 5, 11, 200),
(2889, 2121, 6, 11, 200),
(2890, 2121, 7, 11, 200),
(2891, 2121, 8, 11, 200),
(2892, 2121, 1, 12, 200),
(2893, 2121, 2, 12, 200),
(2894, 2121, 3, 12, 200),
(2895, 2121, 4, 12, 200),
(2896, 2121, 5, 12, 200),
(2897, 2121, 6, 12, 200),
(2898, 2121, 7, 12, 200),
(2899, 2121, 8, 12, 200),
(2900, 2121, 1, 13, 200),
(2901, 2121, 2, 13, 200),
(2902, 2121, 3, 13, 200),
(2903, 2121, 4, 13, 200),
(2904, 2121, 5, 13, 200),
(2905, 2121, 6, 13, 200),
(2906, 2121, 7, 13, 200),
(2907, 2121, 8, 13, 200),
(2908, 2121, 1, 14, 200),
(2909, 2121, 2, 14, 200),
(2910, 2121, 3, 14, 200),
(2911, 2121, 4, 14, 200),
(2912, 2121, 5, 14, 200),
(2913, 2121, 6, 14, 200),
(2914, 2121, 7, 14, 200),
(2915, 2121, 8, 14, 200),
(2916, 2122, 1, 10, 200),
(2917, 2122, 2, 10, 200),
(2918, 2122, 3, 10, 200),
(2919, 2122, 4, 10, 200),
(2920, 2122, 5, 10, 200),
(2921, 2122, 6, 10, 200),
(2922, 2122, 7, 10, 200),
(2923, 2122, 8, 10, 200),
(2924, 2122, 1, 11, 200),
(2925, 2122, 2, 11, 200),
(2926, 2122, 3, 11, 200),
(2927, 2122, 4, 11, 200),
(2928, 2122, 5, 11, 200),
(2929, 2122, 6, 11, 200),
(2930, 2122, 7, 11, 200),
(2931, 2122, 8, 11, 200),
(2932, 2122, 1, 12, 200),
(2933, 2122, 2, 12, 200),
(2934, 2122, 3, 12, 200),
(2935, 2122, 4, 12, 200),
(2936, 2122, 5, 12, 200),
(2937, 2122, 6, 12, 200),
(2938, 2122, 7, 12, 200),
(2939, 2122, 8, 12, 200),
(2940, 2122, 1, 13, 200),
(2941, 2122, 2, 13, 200),
(2942, 2122, 3, 13, 200),
(2943, 2122, 4, 13, 200),
(2944, 2122, 5, 13, 200),
(2945, 2122, 6, 13, 200),
(2946, 2122, 7, 13, 200),
(2947, 2122, 8, 13, 200),
(2948, 2122, 1, 14, 200),
(2949, 2122, 2, 14, 200),
(2950, 2122, 3, 14, 200),
(2951, 2122, 4, 14, 200),
(2952, 2122, 5, 14, 200),
(2953, 2122, 6, 14, 200),
(2954, 2122, 7, 14, 200),
(2955, 2122, 8, 14, 200),
(2956, 2123, 1, 10, 200),
(2957, 2123, 2, 10, 200),
(2958, 2123, 3, 10, 200),
(2959, 2123, 4, 10, 200),
(2960, 2123, 5, 10, 200),
(2961, 2123, 6, 10, 200),
(2962, 2123, 7, 10, 200),
(2963, 2123, 8, 10, 200),
(2964, 2123, 1, 11, 200),
(2965, 2123, 2, 11, 200),
(2966, 2123, 3, 11, 200),
(2967, 2123, 4, 11, 200),
(2968, 2123, 5, 11, 200),
(2969, 2123, 6, 11, 200),
(2970, 2123, 7, 11, 200),
(2971, 2123, 8, 11, 200),
(2972, 2123, 1, 12, 200),
(2973, 2123, 2, 12, 200),
(2974, 2123, 3, 12, 200),
(2975, 2123, 4, 12, 200),
(2976, 2123, 5, 12, 200),
(2977, 2123, 6, 12, 200),
(2978, 2123, 7, 12, 200),
(2979, 2123, 8, 12, 200),
(2980, 2123, 1, 13, 200),
(2981, 2123, 2, 13, 200),
(2982, 2123, 3, 13, 200),
(2983, 2123, 4, 13, 200),
(2984, 2123, 5, 13, 200),
(2985, 2123, 6, 13, 200),
(2986, 2123, 7, 13, 200),
(2987, 2123, 8, 13, 200),
(2988, 2123, 1, 14, 200),
(2989, 2123, 2, 14, 200),
(2990, 2123, 3, 14, 200),
(2991, 2123, 4, 14, 200),
(2992, 2123, 5, 14, 200),
(2993, 2123, 6, 14, 200),
(2994, 2123, 7, 14, 200),
(2995, 2123, 8, 14, 200),
(2996, 2124, 1, 10, 200),
(2997, 2124, 2, 10, 200),
(2998, 2124, 3, 10, 200),
(2999, 2124, 4, 10, 200),
(3000, 2124, 5, 10, 200),
(3001, 2124, 6, 10, 200),
(3002, 2124, 7, 10, 200),
(3003, 2124, 8, 10, 200),
(3004, 2124, 1, 11, 200),
(3005, 2124, 2, 11, 200),
(3006, 2124, 3, 11, 200),
(3007, 2124, 4, 11, 200),
(3008, 2124, 5, 11, 200),
(3009, 2124, 6, 11, 200),
(3010, 2124, 7, 11, 200),
(3011, 2124, 8, 11, 200),
(3012, 2124, 1, 12, 200),
(3013, 2124, 2, 12, 200),
(3014, 2124, 3, 12, 200),
(3015, 2124, 4, 12, 200),
(3016, 2124, 5, 12, 200),
(3017, 2124, 6, 12, 200),
(3018, 2124, 7, 12, 200),
(3019, 2124, 8, 12, 200),
(3020, 2124, 1, 13, 200),
(3021, 2124, 2, 13, 200),
(3022, 2124, 3, 13, 200),
(3023, 2124, 4, 13, 200),
(3024, 2124, 5, 13, 200),
(3025, 2124, 6, 13, 200),
(3026, 2124, 7, 13, 200),
(3027, 2124, 8, 13, 200),
(3028, 2124, 1, 14, 200),
(3029, 2124, 2, 14, 200),
(3030, 2124, 3, 14, 200),
(3031, 2124, 4, 14, 200),
(3032, 2124, 5, 14, 200),
(3033, 2124, 6, 14, 200),
(3034, 2124, 7, 14, 200),
(3035, 2124, 8, 14, 200),
(3036, 2125, 1, 10, 200),
(3037, 2125, 2, 10, 200),
(3038, 2125, 3, 10, 200),
(3039, 2125, 4, 10, 200),
(3040, 2125, 5, 10, 200),
(3041, 2125, 6, 10, 200),
(3042, 2125, 7, 10, 200),
(3043, 2125, 8, 10, 200),
(3044, 2125, 1, 11, 200),
(3045, 2125, 2, 11, 200),
(3046, 2125, 3, 11, 200),
(3047, 2125, 4, 11, 200),
(3048, 2125, 5, 11, 200),
(3049, 2125, 6, 11, 200),
(3050, 2125, 7, 11, 200),
(3051, 2125, 8, 11, 200),
(3052, 2125, 1, 12, 200),
(3053, 2125, 2, 12, 200),
(3054, 2125, 3, 12, 200),
(3055, 2125, 4, 12, 200),
(3056, 2125, 5, 12, 200),
(3057, 2125, 6, 12, 200),
(3058, 2125, 7, 12, 200),
(3059, 2125, 8, 12, 200),
(3060, 2125, 1, 13, 200),
(3061, 2125, 2, 13, 200),
(3062, 2125, 3, 13, 200),
(3063, 2125, 4, 13, 200),
(3064, 2125, 5, 13, 200),
(3065, 2125, 6, 13, 200),
(3066, 2125, 7, 13, 200),
(3067, 2125, 8, 13, 200),
(3068, 2125, 1, 14, 200),
(3069, 2125, 2, 14, 200),
(3070, 2125, 3, 14, 200),
(3071, 2125, 4, 14, 200),
(3072, 2125, 5, 14, 200),
(3073, 2125, 6, 14, 200),
(3074, 2125, 7, 14, 200),
(3075, 2125, 8, 14, 200),
(3076, 2126, 1, 10, 200),
(3077, 2126, 2, 10, 200),
(3078, 2126, 3, 10, 200),
(3079, 2126, 4, 10, 200),
(3080, 2126, 5, 10, 200),
(3081, 2126, 6, 10, 200),
(3082, 2126, 7, 10, 200),
(3083, 2126, 8, 10, 200),
(3084, 2126, 1, 11, 200),
(3085, 2126, 2, 11, 200),
(3086, 2126, 3, 11, 200),
(3087, 2126, 4, 11, 200),
(3088, 2126, 5, 11, 200),
(3089, 2126, 6, 11, 200),
(3090, 2126, 7, 11, 200),
(3091, 2126, 8, 11, 200),
(3092, 2126, 1, 12, 200),
(3093, 2126, 2, 12, 200),
(3094, 2126, 3, 12, 200),
(3095, 2126, 4, 12, 200),
(3096, 2126, 5, 12, 200),
(3097, 2126, 6, 12, 200),
(3098, 2126, 7, 12, 200),
(3099, 2126, 8, 12, 200),
(3100, 2126, 1, 13, 200),
(3101, 2126, 2, 13, 200),
(3102, 2126, 3, 13, 200),
(3103, 2126, 4, 13, 200),
(3104, 2126, 5, 13, 200),
(3105, 2126, 6, 13, 200),
(3106, 2126, 7, 13, 200),
(3107, 2126, 8, 13, 200),
(3108, 2126, 1, 14, 200),
(3109, 2126, 2, 14, 200),
(3110, 2126, 3, 14, 200),
(3111, 2126, 4, 14, 200),
(3112, 2126, 5, 14, 200),
(3113, 2126, 6, 14, 200),
(3114, 2126, 7, 14, 200),
(3115, 2126, 8, 14, 200),
(3116, 2127, 1, 10, 200),
(3117, 2127, 2, 10, 200),
(3118, 2127, 3, 10, 200),
(3119, 2127, 4, 10, 200),
(3120, 2127, 5, 10, 200),
(3121, 2127, 6, 10, 200),
(3122, 2127, 7, 10, 200),
(3123, 2127, 8, 10, 200),
(3124, 2127, 1, 11, 200),
(3125, 2127, 2, 11, 200),
(3126, 2127, 3, 11, 200),
(3127, 2127, 4, 11, 200),
(3128, 2127, 5, 11, 200),
(3129, 2127, 6, 11, 200),
(3130, 2127, 7, 11, 200),
(3131, 2127, 8, 11, 200),
(3132, 2127, 1, 12, 200),
(3133, 2127, 2, 12, 200),
(3134, 2127, 3, 12, 200),
(3135, 2127, 4, 12, 200),
(3136, 2127, 5, 12, 200),
(3137, 2127, 6, 12, 200),
(3138, 2127, 7, 12, 200),
(3139, 2127, 8, 12, 200),
(3140, 2127, 1, 13, 200),
(3141, 2127, 2, 13, 200),
(3142, 2127, 3, 13, 200),
(3143, 2127, 4, 13, 200),
(3144, 2127, 5, 13, 200),
(3145, 2127, 6, 13, 200),
(3146, 2127, 7, 13, 200),
(3147, 2127, 8, 13, 200),
(3148, 2127, 1, 14, 200),
(3149, 2127, 2, 14, 200),
(3150, 2127, 3, 14, 200),
(3151, 2127, 4, 14, 200),
(3152, 2127, 5, 14, 200),
(3153, 2127, 6, 14, 200),
(3154, 2127, 7, 14, 200),
(3155, 2127, 8, 14, 200),
(3156, 2128, 1, 10, 200),
(3157, 2128, 2, 10, 200),
(3158, 2128, 3, 10, 200),
(3159, 2128, 4, 10, 200),
(3160, 2128, 5, 10, 200),
(3161, 2128, 6, 10, 200),
(3162, 2128, 7, 10, 200),
(3163, 2128, 8, 10, 200),
(3164, 2128, 1, 11, 200),
(3165, 2128, 2, 11, 200),
(3166, 2128, 3, 11, 200),
(3167, 2128, 4, 11, 200),
(3168, 2128, 5, 11, 200),
(3169, 2128, 6, 11, 200),
(3170, 2128, 7, 11, 200),
(3171, 2128, 8, 11, 200),
(3172, 2128, 1, 12, 200),
(3173, 2128, 2, 12, 200),
(3174, 2128, 3, 12, 200),
(3175, 2128, 4, 12, 200),
(3176, 2128, 5, 12, 200),
(3177, 2128, 6, 12, 200),
(3178, 2128, 7, 12, 200),
(3179, 2128, 8, 12, 200),
(3180, 2128, 1, 13, 200),
(3181, 2128, 2, 13, 200),
(3182, 2128, 3, 13, 200),
(3183, 2128, 4, 13, 200),
(3184, 2128, 5, 13, 200),
(3185, 2128, 6, 13, 200),
(3186, 2128, 7, 13, 200),
(3187, 2128, 8, 13, 200),
(3188, 2128, 1, 14, 200),
(3189, 2128, 2, 14, 200),
(3190, 2128, 3, 14, 200),
(3191, 2128, 4, 14, 200),
(3192, 2128, 5, 14, 200),
(3193, 2128, 6, 14, 200),
(3194, 2128, 7, 14, 200),
(3195, 2128, 8, 14, 200),
(3196, 2129, 1, 10, 200),
(3197, 2129, 2, 10, 200),
(3198, 2129, 3, 10, 200),
(3199, 2129, 4, 10, 200),
(3200, 2129, 5, 10, 200),
(3201, 2129, 6, 10, 200),
(3202, 2129, 7, 10, 200),
(3203, 2129, 8, 10, 200),
(3204, 2129, 1, 11, 200),
(3205, 2129, 2, 11, 200),
(3206, 2129, 3, 11, 200),
(3207, 2129, 4, 11, 200),
(3208, 2129, 5, 11, 200),
(3209, 2129, 6, 11, 200),
(3210, 2129, 7, 11, 200),
(3211, 2129, 8, 11, 200),
(3212, 2129, 1, 12, 200),
(3213, 2129, 2, 12, 200),
(3214, 2129, 3, 12, 200),
(3215, 2129, 4, 12, 200),
(3216, 2129, 5, 12, 200),
(3217, 2129, 6, 12, 200),
(3218, 2129, 7, 12, 200),
(3219, 2129, 8, 12, 200),
(3220, 2129, 1, 13, 200),
(3221, 2129, 2, 13, 200),
(3222, 2129, 3, 13, 200),
(3223, 2129, 4, 13, 200),
(3224, 2129, 5, 13, 200),
(3225, 2129, 6, 13, 200),
(3226, 2129, 7, 13, 200),
(3227, 2129, 8, 13, 200),
(3228, 2129, 1, 14, 200),
(3229, 2129, 2, 14, 200),
(3230, 2129, 3, 14, 200),
(3231, 2129, 4, 14, 200),
(3232, 2129, 5, 14, 200),
(3233, 2129, 6, 14, 200),
(3234, 2129, 7, 14, 200),
(3235, 2129, 8, 14, 200),
(3236, 2135, 1, 10, 200),
(3237, 2135, 2, 10, 200),
(3238, 2135, 3, 10, 200),
(3239, 2135, 4, 10, 200),
(3240, 2135, 5, 10, 200),
(3241, 2135, 6, 10, 200),
(3242, 2135, 7, 10, 200),
(3243, 2135, 8, 10, 200),
(3244, 2135, 1, 11, 200),
(3245, 2135, 2, 11, 200),
(3246, 2135, 3, 11, 200),
(3247, 2135, 4, 11, 200),
(3248, 2135, 5, 11, 200),
(3249, 2135, 6, 11, 200),
(3250, 2135, 7, 11, 200),
(3251, 2135, 8, 11, 200),
(3252, 2135, 1, 12, 200),
(3253, 2135, 2, 12, 200),
(3254, 2135, 3, 12, 200),
(3255, 2135, 4, 12, 200),
(3256, 2135, 5, 12, 200),
(3257, 2135, 6, 12, 200),
(3258, 2135, 7, 12, 200),
(3259, 2135, 8, 12, 200),
(3260, 2135, 1, 13, 200),
(3261, 2135, 2, 13, 200),
(3262, 2135, 3, 13, 200),
(3263, 2135, 4, 13, 200),
(3264, 2135, 5, 13, 200),
(3265, 2135, 6, 13, 200),
(3266, 2135, 7, 13, 200),
(3267, 2135, 8, 13, 200),
(3268, 2135, 1, 14, 200),
(3269, 2135, 2, 14, 200),
(3270, 2135, 3, 14, 200),
(3271, 2135, 4, 14, 200),
(3272, 2135, 5, 14, 200),
(3273, 2135, 6, 14, 200),
(3274, 2135, 7, 14, 200),
(3275, 2135, 8, 14, 200),
(3276, 2136, 1, 10, 200),
(3277, 2136, 2, 10, 200),
(3278, 2136, 3, 10, 200),
(3279, 2136, 4, 10, 200),
(3280, 2136, 5, 10, 200),
(3281, 2136, 6, 10, 200),
(3282, 2136, 7, 10, 200),
(3283, 2136, 8, 10, 200),
(3284, 2136, 1, 11, 200),
(3285, 2136, 2, 11, 200),
(3286, 2136, 3, 11, 200),
(3287, 2136, 4, 11, 200),
(3288, 2136, 5, 11, 200),
(3289, 2136, 6, 11, 200),
(3290, 2136, 7, 11, 200),
(3291, 2136, 8, 11, 200),
(3292, 2136, 1, 12, 200),
(3293, 2136, 2, 12, 200),
(3294, 2136, 3, 12, 200),
(3295, 2136, 4, 12, 200),
(3296, 2136, 5, 12, 200),
(3297, 2136, 6, 12, 200),
(3298, 2136, 7, 12, 200),
(3299, 2136, 8, 12, 200),
(3300, 2136, 1, 13, 200),
(3301, 2136, 2, 13, 200),
(3302, 2136, 3, 13, 200),
(3303, 2136, 4, 13, 200),
(3304, 2136, 5, 13, 200),
(3305, 2136, 6, 13, 200),
(3306, 2136, 7, 13, 200),
(3307, 2136, 8, 13, 200),
(3308, 2136, 1, 14, 200),
(3309, 2136, 2, 14, 200),
(3310, 2136, 3, 14, 200),
(3311, 2136, 4, 14, 200),
(3312, 2136, 5, 14, 200),
(3313, 2136, 6, 14, 200),
(3314, 2136, 7, 14, 200),
(3315, 2136, 8, 14, 200),
(3316, 2136, 1, 10, 200),
(3317, 2136, 2, 10, 200),
(3318, 2136, 3, 10, 200),
(3319, 2136, 4, 10, 200),
(3320, 2136, 5, 10, 200),
(3321, 2136, 6, 10, 200),
(3322, 2136, 7, 10, 200),
(3323, 2136, 8, 10, 200),
(3324, 2136, 1, 11, 200),
(3325, 2136, 2, 11, 200),
(3326, 2136, 3, 11, 200),
(3327, 2136, 4, 11, 200),
(3328, 2136, 5, 11, 200),
(3329, 2136, 6, 11, 200),
(3330, 2136, 7, 11, 200),
(3331, 2136, 8, 11, 200),
(3332, 2136, 1, 12, 200),
(3333, 2136, 2, 12, 200),
(3334, 2136, 3, 12, 200),
(3335, 2136, 4, 12, 200),
(3336, 2136, 5, 12, 200),
(3337, 2136, 6, 12, 200),
(3338, 2136, 7, 12, 200),
(3339, 2136, 8, 12, 200),
(3340, 2136, 1, 13, 200),
(3341, 2136, 2, 13, 200),
(3342, 2136, 3, 13, 200),
(3343, 2136, 4, 13, 200),
(3344, 2136, 5, 13, 200),
(3345, 2136, 6, 13, 200),
(3346, 2136, 7, 13, 200),
(3347, 2136, 8, 13, 200),
(3348, 2136, 1, 14, 200),
(3349, 2136, 2, 14, 200),
(3350, 2136, 3, 14, 200),
(3351, 2136, 4, 14, 200),
(3352, 2136, 5, 14, 200),
(3353, 2136, 6, 14, 200),
(3354, 2136, 7, 14, 200),
(3355, 2136, 8, 14, 200),
(3356, 2137, 1, 10, 200),
(3357, 2137, 2, 10, 200),
(3358, 2137, 3, 10, 200),
(3359, 2137, 4, 10, 200),
(3360, 2137, 5, 10, 200),
(3361, 2137, 6, 10, 200),
(3362, 2137, 7, 10, 200),
(3363, 2137, 8, 10, 200),
(3364, 2137, 1, 11, 200),
(3365, 2137, 2, 11, 200),
(3366, 2137, 3, 11, 200),
(3367, 2137, 4, 11, 200),
(3368, 2137, 5, 11, 200),
(3369, 2137, 6, 11, 200),
(3370, 2137, 7, 11, 200),
(3371, 2137, 8, 11, 200),
(3372, 2137, 1, 12, 200),
(3373, 2137, 2, 12, 200),
(3374, 2137, 3, 12, 200),
(3375, 2137, 4, 12, 200),
(3376, 2137, 5, 12, 200),
(3377, 2137, 6, 12, 200),
(3378, 2137, 7, 12, 200),
(3379, 2137, 8, 12, 200),
(3380, 2137, 1, 13, 200),
(3381, 2137, 2, 13, 200),
(3382, 2137, 3, 13, 200),
(3383, 2137, 4, 13, 200),
(3384, 2137, 5, 13, 200),
(3385, 2137, 6, 13, 200),
(3386, 2137, 7, 13, 200),
(3387, 2137, 8, 13, 200),
(3388, 2137, 1, 14, 200),
(3389, 2137, 2, 14, 200),
(3390, 2137, 3, 14, 200),
(3391, 2137, 4, 14, 200),
(3392, 2137, 5, 14, 200),
(3393, 2137, 6, 14, 200),
(3394, 2137, 7, 14, 200),
(3395, 2137, 8, 14, 200),
(3396, 2138, 1, 10, 200),
(3397, 2138, 2, 10, 200),
(3398, 2138, 3, 10, 200),
(3399, 2138, 4, 10, 200),
(3400, 2138, 5, 10, 200),
(3401, 2138, 6, 10, 200),
(3402, 2138, 7, 10, 200),
(3403, 2138, 8, 10, 200),
(3404, 2138, 1, 11, 200),
(3405, 2138, 2, 11, 200),
(3406, 2138, 3, 11, 200),
(3407, 2138, 4, 11, 200),
(3408, 2138, 5, 11, 200),
(3409, 2138, 6, 11, 200),
(3410, 2138, 7, 11, 200),
(3411, 2138, 8, 11, 200),
(3412, 2138, 1, 12, 200),
(3413, 2138, 2, 12, 200),
(3414, 2138, 3, 12, 200),
(3415, 2138, 4, 12, 200),
(3416, 2138, 5, 12, 200),
(3417, 2138, 6, 12, 200),
(3418, 2138, 7, 12, 200),
(3419, 2138, 8, 12, 200),
(3420, 2138, 1, 13, 200),
(3421, 2138, 2, 13, 200),
(3422, 2138, 3, 13, 200),
(3423, 2138, 4, 13, 200),
(3424, 2138, 5, 13, 200),
(3425, 2138, 6, 13, 200),
(3426, 2138, 7, 13, 200),
(3427, 2138, 8, 13, 200),
(3428, 2138, 1, 14, 200),
(3429, 2138, 2, 14, 200),
(3430, 2138, 3, 14, 200),
(3431, 2138, 4, 14, 200),
(3432, 2138, 5, 14, 200),
(3433, 2138, 6, 14, 200),
(3434, 2138, 7, 14, 200),
(3435, 2138, 8, 14, 200),
(3437, 2139, 2, 10, 200),
(3438, 2139, 3, 10, 200),
(3439, 2139, 4, 10, 200),
(3440, 2139, 5, 10, 200),
(3441, 2139, 6, 10, 200),
(3442, 2139, 7, 10, 200),
(3443, 2139, 8, 10, 200),
(3445, 2139, 2, 11, 200),
(3446, 2139, 3, 11, 200),
(3447, 2139, 4, 11, 200),
(3448, 2139, 5, 11, 200),
(3449, 2139, 6, 11, 200),
(3450, 2139, 7, 11, 200),
(3451, 2139, 8, 11, 200),
(3453, 2139, 2, 12, 200),
(3454, 2139, 3, 12, 200),
(3455, 2139, 4, 12, 200),
(3456, 2139, 5, 12, 200),
(3457, 2139, 6, 12, 200),
(3458, 2139, 7, 12, 200),
(3459, 2139, 8, 12, 200),
(3461, 2139, 2, 13, 200),
(3462, 2139, 3, 13, 200),
(3463, 2139, 4, 13, 200),
(3464, 2139, 5, 13, 200),
(3465, 2139, 6, 13, 200),
(3466, 2139, 7, 13, 200),
(3467, 2139, 8, 13, 200),
(3469, 2139, 2, 14, 200),
(3470, 2139, 3, 14, 200),
(3471, 2139, 4, 14, 200),
(3472, 2139, 5, 14, 200),
(3473, 2139, 6, 14, 200),
(3474, 2139, 7, 14, 200),
(3475, 2139, 8, 14, 200),
(3476, 2140, 1, 3, 200),
(3477, 2140, 2, 3, 200),
(3478, 2140, 3, 3, 200),
(3479, 2140, 4, 3, 200),
(3480, 2140, 5, 3, 200),
(3481, 2140, 6, 3, 200),
(3482, 2140, 7, 3, 200),
(3483, 2140, 8, 3, 200),
(3484, 2140, 1, 3, 200),
(3485, 2140, 2, 3, 200),
(3486, 2140, 3, 3, 200),
(3487, 2140, 4, 3, 200),
(3488, 2140, 5, 3, 200),
(3489, 2140, 6, 3, 200),
(3490, 2140, 7, 3, 200),
(3491, 2140, 8, 3, 200),
(3492, 2140, 1, 3, 200),
(3493, 2140, 2, 3, 200),
(3494, 2140, 3, 3, 200),
(3495, 2140, 4, 3, 200),
(3496, 2140, 5, 3, 200),
(3497, 2140, 6, 3, 200),
(3498, 2140, 7, 3, 200),
(3499, 2140, 8, 3, 200),
(3500, 2140, 1, 3, 200),
(3501, 2140, 2, 3, 200),
(3502, 2140, 3, 3, 200),
(3503, 2140, 4, 3, 200),
(3504, 2140, 5, 3, 200),
(3505, 2140, 6, 3, 200),
(3506, 2140, 7, 3, 200),
(3507, 2140, 8, 3, 200),
(3508, 2140, 1, 3, 200),
(3509, 2140, 2, 3, 200),
(3510, 2140, 3, 3, 200),
(3511, 2140, 4, 3, 200),
(3512, 2140, 5, 3, 200),
(3513, 2140, 6, 3, 200),
(3514, 2140, 7, 3, 200),
(3515, 2140, 8, 3, 200),
(10000, 1000, 5, 3, 192),
(10001, 1000, 4, 3, 200),
(10002, 1000, 1, 3, 200),
(10003, 1002, 2, 3, 203),
(10004, 1002, 1, 3, 200),
(10005, 1002, 3, 3, 200),
(10006, 1003, 2, 3, 200),
(10007, 1003, 3, 3, 199),
(10008, 1004, 7, 3, 200),
(10009, 1004, 3, 3, 200),
(10010, 1005, 1, 3, 200),
(10011, 1005, 3, 3, 200),
(10012, 1006, 6, 3, 200),
(10013, 1006, 3, 3, 200),
(10014, 1007, 3, 3, 200),
(10015, 1008, 6, 3, 200),
(10016, 1008, 1, 3, 200),
(10017, 1009, 5, 3, 197),
(10018, 1010, 8, 3, 200),
(10019, 1010, 1, 3, 200),
(10020, 1010, 3, 3, 200),
(10021, 1011, 5, 3, 194),
(10022, 1012, 5, 3, 200),
(10023, 1013, 1, 3, 200),
(10024, 1013, 3, 3, 200),
(10025, 1013, 8, 3, 200),
(10026, 1015, 5, 3, 200),
(10027, 1016, 6, 3, 199),
(10028, 1016, 3, 3, 200),
(10029, 1017, 3, 3, 200),
(10030, 1017, 6, 3, 200),
(10031, 1018, 3, 3, 200),
(10032, 1018, 5, 3, 200),
(10033, 1018, 1, 3, 200),
(10034, 1014, 5, 3, 200),
(10035, 1019, 3, 3, 200),
(10036, 1019, 4, 3, 200),
(10037, 1019, 8, 3, 200),
(10038, 1020, 3, 3, 200),
(10039, 1020, 4, 3, 200),
(10040, 1020, 8, 3, 200),
(10041, 1021, 3, 3, 200),
(10042, 1021, 4, 3, 200),
(10043, 1021, 8, 3, 200),
(10044, 1021, 1, 3, 200),
(10045, 1003, 1, 3, 152),
(10064, 1030, 1, 3, 200),
(10065, 1030, 3, 3, 200),
(10066, 1030, 5, 3, 200),
(10067, 1001, 4, 3, 198),
(10068, 1032, 1, 3, 200),
(10069, 1032, 4, 3, 200),
(10070, 1032, 2, 3, 200),
(10071, 1033, 5, 3, 202),
(10072, 1033, 10, 3, 200),
(10073, 1033, 11, 3, 200),
(10074, 1034, 4, 3, 200),
(10075, 1034, 3, 3, 200),
(10076, 1034, 6, 3, 200),
(10077, 1003, 11, 3, 200),
(10098, 1035, 9, 3, 200),
(10099, 1036, 9, 3, 200),
(10100, 1037, 9, 3, 200),
(10101, 1038, 9, 3, 200),
(10102, 1039, 9, 3, 203),
(10103, 1040, 9, 3, 200),
(10104, 1041, 9, 3, 200),
(10105, 1042, 9, 3, 199),
(10106, 1043, 9, 3, 199),
(10107, 1044, 9, 3, 200),
(10108, 1046, 9, 3, 200),
(10109, 1047, 9, 3, 197),
(10110, 1048, 9, 3, 200),
(10111, 1049, 9, 3, 200),
(10112, 1050, 9, 3, 200),
(10113, 1051, 9, 3, 200),
(10114, 1052, 9, 3, 200),
(10115, 1053, 9, 3, 200),
(10116, 1054, 9, 3, 200),
(10117, 1045, 9, 3, 200),
(10118, 1055, 16, 3, 200),
(10119, 1055, 1, 3, 200),
(10120, 1055, 12, 3, 200),
(10121, 1055, 10, 3, 200),
(10122, 1056, 6, 3, 200),
(10123, 1056, 17, 3, 200),
(10124, 1057, 10, 3, 200),
(10125, 1057, 14, 3, 200),
(10126, 1057, 8, 3, 200),
(10127, 1058, 3, 3, 200),
(10128, 1058, 7, 3, 200),
(10129, 1058, 10, 3, 200),
(10130, 1059, 17, 3, 100),
(10131, 1059, 15, 3, 200),
(10132, 1060, 12, 3, 200),
(10133, 1060, 1, 3, 200),
(10138, 1081, 1, 3, 100),
(10139, 1081, 11, 3, 100),
(10140, 1081, 10, 3, 100),
(10141, 1080, 17, 3, 200),
(10142, 1080, 16, 3, 100),
(10143, 1080, 14, 3, 200),
(10144, 1079, 1, 3, 200),
(10145, 1079, 3, 3, 198),
(10146, 1078, 2, 3, 100),
(10147, 1078, 3, 3, 200),
(10148, 1078, 12, 3, 200),
(10149, 1084, 7, 3, 200),
(10150, 1083, 3, 3, 200),
(10151, 1082, 18, 3, 200),
(10152, 1077, 19, 3, 100),
(10153, 1076, 20, 3, 100),
(10154, 1076, 15, 3, 100),
(10155, 1075, 18, 3, 50),
(10156, 1074, 12, 3, 50),
(10157, 1073, 10, 3, 50),
(10158, 1072, 1, 3, 15),
(10159, 1071, 4, 3, 15),
(10160, 1070, 17, 3, 50),
(10161, 1069, 3, 3, 45),
(10162, 1068, 12, 3, 17),
(10163, 1067, 17, 3, 17),
(10164, 1066, 4, 3, 20),
(10165, 1065, 6, 3, 85),
(10166, 1064, 15, 3, 45),
(10167, 1061, 7, 3, 45),
(10168, 1063, 17, 3, 45),
(10169, 1014, 3, 3, 150),
(20116, 2075, 5, 9, 200),
(20117, 2075, 6, 9, 200),
(20118, 2075, 7, 9, 200),
(20119, 2075, 8, 9, 200),
(20120, 2141, 1, 3, 200),
(20121, 2141, 2, 3, 200),
(20122, 2141, 3, 3, 200),
(20123, 2141, 4, 3, 200),
(20124, 2141, 5, 3, 200),
(20125, 2141, 6, 3, 200),
(20126, 2141, 7, 3, 200),
(20127, 2141, 8, 3, 200),
(20128, 2141, 1, 3, 200),
(20129, 2141, 2, 3, 200),
(20130, 2141, 3, 3, 200),
(20131, 2141, 4, 3, 200),
(20132, 2141, 5, 3, 200),
(20133, 2141, 6, 3, 200),
(20134, 2141, 7, 3, 200),
(20135, 2141, 8, 3, 200),
(20136, 2141, 1, 3, 200),
(20137, 2141, 2, 3, 200),
(20138, 2141, 3, 3, 200),
(20139, 2141, 4, 3, 200),
(20140, 2141, 5, 3, 200),
(20141, 2141, 6, 3, 200),
(20142, 2141, 7, 3, 200),
(20143, 2141, 8, 3, 200),
(20144, 2141, 1, 3, 200),
(20145, 2141, 2, 3, 200),
(20146, 2141, 3, 3, 200),
(20147, 2141, 4, 3, 200),
(20148, 2141, 5, 3, 200),
(20149, 2141, 6, 3, 200),
(20150, 2141, 7, 3, 200),
(20151, 2141, 8, 3, 200),
(20152, 2141, 1, 3, 200),
(20153, 2141, 2, 3, 200),
(20154, 2141, 3, 3, 200),
(20155, 2141, 4, 3, 200),
(20156, 2141, 5, 3, 200),
(20157, 2141, 6, 3, 200),
(20158, 2141, 7, 3, 200),
(20159, 2141, 8, 3, 200),
(20160, 2142, 1, 3, 200),
(20161, 2142, 2, 3, 200),
(20162, 2142, 3, 3, 200),
(20163, 2142, 4, 3, 200),
(20164, 2142, 5, 3, 200),
(20165, 2142, 6, 3, 200),
(20166, 2142, 7, 3, 200),
(20167, 2142, 8, 3, 200),
(20168, 2142, 1, 3, 200),
(20169, 2142, 2, 3, 200),
(20170, 2142, 3, 3, 200),
(20171, 2142, 4, 3, 200),
(20172, 2142, 5, 3, 200),
(20173, 2142, 6, 3, 200),
(20174, 2142, 7, 3, 200),
(20175, 2142, 8, 3, 200),
(20176, 2142, 1, 3, 200),
(20177, 2142, 2, 3, 200),
(20178, 2142, 3, 3, 200),
(20179, 2142, 4, 3, 200),
(20180, 2142, 5, 3, 200),
(20181, 2142, 6, 3, 200),
(20182, 2142, 7, 3, 200),
(20183, 2142, 8, 3, 200),
(20184, 2142, 1, 3, 200),
(20185, 2142, 2, 3, 200),
(20186, 2142, 3, 3, 200),
(20187, 2142, 4, 3, 200),
(20188, 2142, 5, 3, 200),
(20189, 2142, 6, 3, 200),
(20190, 2142, 7, 3, 200),
(20191, 2142, 8, 3, 200),
(20192, 2142, 1, 3, 200),
(20193, 2142, 2, 3, 200),
(20194, 2142, 3, 3, 200),
(20195, 2142, 4, 3, 200),
(20196, 2142, 5, 3, 200),
(20197, 2142, 6, 3, 200),
(20198, 2142, 7, 3, 200),
(20199, 2142, 8, 3, 200),
(20200, 2143, 1, 3, 200),
(20201, 2143, 2, 3, 200),
(20202, 2143, 3, 3, 200),
(20203, 2143, 4, 3, 200),
(20204, 2143, 5, 3, 200),
(20205, 2143, 6, 3, 200),
(20206, 2143, 7, 3, 200),
(20207, 2143, 8, 3, 200),
(20208, 2143, 1, 3, 200),
(20209, 2143, 2, 3, 200),
(20210, 2143, 3, 3, 200),
(20211, 2143, 4, 3, 200),
(20212, 2143, 5, 3, 200),
(20213, 2143, 6, 3, 200),
(20214, 2143, 7, 3, 200),
(20215, 2143, 8, 3, 200),
(20216, 2143, 1, 3, 200),
(20217, 2143, 2, 3, 200),
(20218, 2143, 3, 3, 200),
(20219, 2143, 4, 3, 200),
(20220, 2143, 5, 3, 200),
(20221, 2143, 6, 3, 200),
(20222, 2143, 7, 3, 200),
(20223, 2143, 8, 3, 200),
(20224, 2143, 1, 3, 200),
(20225, 2143, 2, 3, 200),
(20226, 2143, 3, 3, 200),
(20227, 2143, 4, 3, 200),
(20228, 2143, 5, 3, 200),
(20229, 2143, 6, 3, 200),
(20230, 2143, 7, 3, 200),
(20231, 2143, 8, 3, 200),
(20232, 2143, 1, 3, 200),
(20233, 2143, 2, 3, 200),
(20234, 2143, 3, 3, 200),
(20235, 2143, 4, 3, 200),
(20236, 2143, 5, 3, 200),
(20237, 2143, 6, 3, 200),
(20238, 2143, 7, 3, 200),
(20239, 2143, 8, 3, 200),
(20240, 2144, 1, 3, 200),
(20241, 2144, 2, 3, 200),
(20242, 2144, 3, 3, 200),
(20243, 2144, 4, 3, 200),
(20244, 2144, 5, 3, 200),
(20245, 2144, 6, 3, 200),
(20246, 2144, 7, 3, 200),
(20247, 2144, 8, 3, 200),
(20248, 2144, 1, 3, 200),
(20249, 2144, 2, 3, 200),
(20250, 2144, 3, 3, 200),
(20251, 2144, 4, 3, 200),
(20252, 2144, 5, 3, 200),
(20253, 2144, 6, 3, 200),
(20254, 2144, 7, 3, 200),
(20255, 2144, 8, 3, 200),
(20256, 2144, 1, 3, 200),
(20257, 2144, 2, 3, 200),
(20258, 2144, 3, 3, 200),
(20259, 2144, 4, 3, 200),
(20260, 2144, 5, 3, 200),
(20261, 2144, 6, 3, 200),
(20262, 2144, 7, 3, 200),
(20263, 2144, 8, 3, 200),
(20264, 2144, 1, 3, 200),
(20265, 2144, 2, 3, 200),
(20266, 2144, 3, 3, 200),
(20267, 2144, 4, 3, 200),
(20268, 2144, 5, 3, 200),
(20269, 2144, 6, 3, 200),
(20270, 2144, 7, 3, 200),
(20271, 2144, 8, 3, 200),
(20272, 2144, 1, 3, 200),
(20273, 2144, 2, 3, 200),
(20274, 2144, 3, 3, 200),
(20275, 2144, 4, 3, 200),
(20276, 2144, 5, 3, 200),
(20277, 2144, 6, 3, 200),
(20278, 2144, 7, 3, 200),
(20279, 2144, 8, 3, 200),
(20280, 2108, 2, 5, 100),
(20281, 2108, 3, 7, 100),
(20282, 2097, 17, 7, 100),
(20283, 2097, 3, 7, 100),
(20284, 2097, 17, 8, 150),
(20285, 2097, 17, 6, 100);

-- --------------------------------------------------------

--
-- Table structure for table `reviews`
--

CREATE TABLE `reviews` (
  `review_id` int(11) NOT NULL,
  `user_id` int(11) NOT NULL,
  `comment` varchar(300) NOT NULL,
  `num_of_stars` int(11) NOT NULL,
  `date` datetime NOT NULL DEFAULT current_timestamp()
) ENGINE=InnoDB DEFAULT CHARSET=utf8mb4 COLLATE=utf8mb4_general_ci;

--
-- Dumping data for table `reviews`
--

INSERT INTO `reviews` (`review_id`, `user_id`, `comment`, `num_of_stars`, `date`) VALUES
(1, 123456, 'I absolutely adore the variety and trendiness of the clothing options here. From casual wear to elegant evening dresses, this site has it all. The quality is fantastic, and the sizing guide is spot on. My recent purchase arrived quickly, and I received numerous compliments on the outfit', 5, '2023-12-01 14:10:05'),
(2, 123457, 'I had an amazing experience shopping on this website! The customer service team was incredibly helpful when I needed assistance with sizing, and they promptly responded to my inquiries. Fast shipping and hassle-free returns make this a top-notch shopping destination for me.', 5, '2023-12-01 14:10:05'),
(3, 123460, 'I love standing out, and this store offers such a diverse range of styles that cater to different tastes. The fabric quality is remarkable, and the designs are always on-trend. The prices are reasonable for the value you receive. ', 5, '2023-12-01 14:10:05'),
(4, 123461, 'Shopping here was an absolute breeze! The website layout is user-friendly, making it easy to navigate and find exactly what I was looking for. The checkout process was smooth, and I appreciated the variety of payment options available. .', 5, '2023-12-01 14:10:05'),
(5, 123462, 'What an amazing experience! Not only were the clothes exactly what I expected but service was also excellent.', 5, '2023-12-01 14:10:05'),
(6, 123456, 'Quality was so good! I love the feel of the clothes and I enjoyed the style, the clothes match the image perfectly.', 5, '2023-12-01 14:10:05');

-- --------------------------------------------------------

--
-- Table structure for table `shopping_cart`
--

CREATE TABLE `shopping_cart` (
  `cart_item_id` int(11) NOT NULL,
  `user_id` int(11) NOT NULL,
  `product_id` int(11) NOT NULL,
  `quantity` int(11) NOT NULL,
  `color_id` int(11) NOT NULL,
  `size_id` int(11) NOT NULL,
  `amount` float(10,2) NOT NULL
) ENGINE=InnoDB DEFAULT CHARSET=utf8mb4 COLLATE=utf8mb4_general_ci;

-- --------------------------------------------------------

--
-- Table structure for table `users`
--

CREATE TABLE `users` (
  `user_id` int(11) NOT NULL,
  `username` varchar(50) NOT NULL,
  `first_name` varchar(100) NOT NULL,
  `last_name` varchar(100) NOT NULL,
  `phone` varchar(15) NOT NULL,
  `address_line1` text NOT NULL,
  `address_line2` text NOT NULL,
  `email` varchar(100) NOT NULL,
  `password` char(255) NOT NULL,
  `reg_date` date NOT NULL DEFAULT current_timestamp(),
  `user_type` varchar(50) NOT NULL
) ENGINE=InnoDB DEFAULT CHARSET=utf8mb4 COLLATE=utf8mb4_general_ci;

--
-- Dumping data for table `users`
--

INSERT INTO `users` (`user_id`, `username`, `first_name`, `last_name`, `phone`, `address_line1`, `address_line2`, `email`, `password`, `reg_date`, `user_type`) VALUES
(123456, 'Mary', 'Mary', 'Jack', '0725896354', '123, lilly street, lilly', '', 'mary@gmail.com', '$2y$10$bipimyfSfcwKYMeQzpRvl.oasncpyftFihA2dlLCuCMU2tLOVX8Pa', '2023-12-01', 'customer'),
(123457, 'James', '', '', '0789632145', '', '', 'james@gmail.com', '$2y$10$k0O36e0BELqk6G.WmKOna.26TfeBv1jcyBG39hRAift7j3mu0RQFK', '2023-11-01', 'customer'),
(123459, 'Rahul', '', '', '0785463589', '', '', 'rahul@gmail.com', '$2y$10$v6mfJAlyzKPK.tNJcdM2e.ufxZwSUBTYM8ozgYD44cIctythFMA/q', '2023-12-01', 'admin'),
(123460, 'David', '', '', '0758963254', '', '', 'david@gmal.com', '$2y$10$7rkKuIfbYxo6fy0Wy8DEm.Tmv02ZKCq4rpwqdZwN1Fs/k15KP7Ok.', '2023-12-01', 'customer'),
(123461, 'Silviya', '', '', '0741250321', '', '', 'silviya@gmail.com', '$2y$10$KbWAOIUNQYfgsGtbM.DGwOfac/fE/c3MLelodDjW4OBnxKgkkZ8Ri', '2023-10-01', 'customer'),
(123463, 'Keerthana', '', '', '0785412365', '', '', 'keer@gmail.com', '$2y$10$xapHpGGva00m7gnvIkbbieEhb3rfFaKtErGQp/XhoCfzkAxBmEQyy', '2023-12-03', 'customer'),
(123464, 'Vickram', '', '', '0741258963', '', '', 'vick@gmail.com', '$2y$10$srp5twghGXyuneOI.mfLiuzC2LyTvSW2MNjVI173kYoVGnHtbAgcO', '2023-12-03', 'admin'),
(123465, 'Natasha', '', '', '0745896321', '', '', 'nat@gmail.com', '$2y$10$S7j0Z5AdmI7u7zwAuUZE1OkrqNXPNMT7Lcip21LGp74v.uOuxG4lG', '2023-12-07', 'customer'),
(123466, 'Monalisa', '', '', '0789654125', '', '', 'Monal@gmail.com', '$2y$10$HsVtp/lVB9zQMg4hn1u/QuHc7On4uqJWpFamxHYTfH5jDDnTmQDE2', '2023-12-07', 'customer'),
(123467, 'Shreya', '', '', '0785412589', '', '', 'shreya@gmal.com', '$2y$10$5TltipZi3b/9l.egrIBDned7xRosSY2OYu2CkUz2IfUu/h9dqWtfy', '2023-12-08', 'customer'),
(123468, 'Alex', '', '', '0785412596', '', '', 'alex@gmail.com', '$2y$10$izIl0aX0drQlA1D54NTQSeLyOif/R0aZfzx5dbCJ4bzPlPkJFhIGC', '2023-12-08', 'customer');

-- --------------------------------------------------------

--
-- Table structure for table `wishlist`
--

CREATE TABLE `wishlist` (
  `wishlist_id` int(11) NOT NULL,
  `user_id` int(11) NOT NULL,
  `product_id` int(11) NOT NULL
) ENGINE=InnoDB DEFAULT CHARSET=utf8mb4 COLLATE=utf8mb4_general_ci;

--
-- Dumping data for table `wishlist`
--

INSERT INTO `wishlist` (`wishlist_id`, `user_id`, `product_id`) VALUES
(130, 123466, 1046),
(131, 123466, 1047),
(134, 123456, 1078),
(135, 123468, 2085);

--
-- Indexes for dumped tables
--

--
-- Indexes for table `category`
--
ALTER TABLE `category`
  ADD PRIMARY KEY (`sub_category_id`),
  ADD KEY `main_category_id` (`main_category_id`);

--
-- Indexes for table `main_category`
--
ALTER TABLE `main_category`
  ADD PRIMARY KEY (`main_category_id`);

--
-- Indexes for table `messages`
--
ALTER TABLE `messages`
  ADD PRIMARY KEY (`message_id`);

--
-- Indexes for table `order_items`
--
ALTER TABLE `order_items`
  ADD PRIMARY KEY (`order_item_id`),
  ADD KEY `order_id` (`order_id`),
  ADD KEY `product_id` (`product_id`),
  ADD KEY `size_id` (`size_id`),
  ADD KEY `color_id` (`color_id`);

--
-- Indexes for table `order_shipping`
--
ALTER TABLE `order_shipping`
  ADD PRIMARY KEY (`shipping_id`),
  ADD KEY `order_id` (`order_id`);

--
-- Indexes for table `placed_order`
--
ALTER TABLE `placed_order`
  ADD PRIMARY KEY (`order_id`),
  ADD KEY `user_id` (`user_id`);

--
-- Indexes for table `products`
--
ALTER TABLE `products`
  ADD PRIMARY KEY (`product_id`);

--
-- Indexes for table `product_category`
--
ALTER TABLE `product_category`
  ADD PRIMARY KEY (`product_id`,`category_id`),
  ADD KEY `category_id` (`category_id`);

--
-- Indexes for table `product_color`
--
ALTER TABLE `product_color`
  ADD PRIMARY KEY (`color_id`);

--
-- Indexes for table `product_size`
--
ALTER TABLE `product_size`
  ADD PRIMARY KEY (`size_id`);

--
-- Indexes for table `product_stock`
--
ALTER TABLE `product_stock`
  ADD PRIMARY KEY (`stock_id`),
  ADD KEY `product_id` (`product_id`),
  ADD KEY `size_id` (`size_id`),
  ADD KEY `color_id` (`color_id`);

--
-- Indexes for table `reviews`
--
ALTER TABLE `reviews`
  ADD PRIMARY KEY (`review_id`);

--
-- Indexes for table `shopping_cart`
--
ALTER TABLE `shopping_cart`
  ADD PRIMARY KEY (`cart_item_id`),
  ADD KEY `user_id` (`user_id`),
  ADD KEY `product_id` (`product_id`),
  ADD KEY `size_id` (`size_id`),
  ADD KEY `color_id` (`color_id`);

--
-- Indexes for table `users`
--
ALTER TABLE `users`
  ADD PRIMARY KEY (`user_id`);

--
-- Indexes for table `wishlist`
--
ALTER TABLE `wishlist`
  ADD PRIMARY KEY (`wishlist_id`),
  ADD KEY `product_id` (`product_id`),
  ADD KEY `user_id` (`user_id`);

--
-- AUTO_INCREMENT for dumped tables
--

--
-- AUTO_INCREMENT for table `category`
--
ALTER TABLE `category`
  MODIFY `sub_category_id` int(11) NOT NULL AUTO_INCREMENT, AUTO_INCREMENT=62;

--
-- AUTO_INCREMENT for table `main_category`
--
ALTER TABLE `main_category`
  MODIFY `main_category_id` int(11) NOT NULL AUTO_INCREMENT, AUTO_INCREMENT=10;

--
-- AUTO_INCREMENT for table `messages`
--
ALTER TABLE `messages`
  MODIFY `message_id` int(11) NOT NULL AUTO_INCREMENT, AUTO_INCREMENT=24;

--
-- AUTO_INCREMENT for table `order_items`
--
ALTER TABLE `order_items`
  MODIFY `order_item_id` int(11) NOT NULL AUTO_INCREMENT, AUTO_INCREMENT=10016;

--
-- AUTO_INCREMENT for table `order_shipping`
--
ALTER TABLE `order_shipping`
  MODIFY `shipping_id` int(11) NOT NULL AUTO_INCREMENT, AUTO_INCREMENT=15;

--
-- AUTO_INCREMENT for table `placed_order`
--
ALTER TABLE `placed_order`
  MODIFY `order_id` int(11) NOT NULL AUTO_INCREMENT, AUTO_INCREMENT=10010;

--
-- AUTO_INCREMENT for table `products`
--
ALTER TABLE `products`
  MODIFY `product_id` int(11) NOT NULL AUTO_INCREMENT, AUTO_INCREMENT=2145;

--
-- AUTO_INCREMENT for table `product_color`
--
ALTER TABLE `product_color`
  MODIFY `color_id` int(11) NOT NULL AUTO_INCREMENT, AUTO_INCREMENT=22;

--
-- AUTO_INCREMENT for table `product_size`
--
ALTER TABLE `product_size`
  MODIFY `size_id` int(11) NOT NULL AUTO_INCREMENT, AUTO_INCREMENT=23;

--
-- AUTO_INCREMENT for table `product_stock`
--
ALTER TABLE `product_stock`
  MODIFY `stock_id` int(11) NOT NULL AUTO_INCREMENT, AUTO_INCREMENT=20286;

--
-- AUTO_INCREMENT for table `reviews`
--
ALTER TABLE `reviews`
  MODIFY `review_id` int(11) NOT NULL AUTO_INCREMENT, AUTO_INCREMENT=7;

--
-- AUTO_INCREMENT for table `shopping_cart`
--
ALTER TABLE `shopping_cart`
  MODIFY `cart_item_id` int(11) NOT NULL AUTO_INCREMENT, AUTO_INCREMENT=43;

--
-- AUTO_INCREMENT for table `users`
--
ALTER TABLE `users`
  MODIFY `user_id` int(11) NOT NULL AUTO_INCREMENT, AUTO_INCREMENT=123469;

--
-- AUTO_INCREMENT for table `wishlist`
--
ALTER TABLE `wishlist`
  MODIFY `wishlist_id` int(11) NOT NULL AUTO_INCREMENT, AUTO_INCREMENT=136;

--
-- Constraints for dumped tables
--

--
-- Constraints for table `category`
--
ALTER TABLE `category`
  ADD CONSTRAINT `category_ibfk_1` FOREIGN KEY (`main_category_id`) REFERENCES `main_category` (`main_category_id`) ON DELETE CASCADE ON UPDATE CASCADE;

--
-- Constraints for table `order_items`
--
ALTER TABLE `order_items`
  ADD CONSTRAINT `order_items_ibfk_1` FOREIGN KEY (`order_id`) REFERENCES `placed_order` (`order_id`) ON DELETE CASCADE ON UPDATE CASCADE,
  ADD CONSTRAINT `order_items_ibfk_2` FOREIGN KEY (`product_id`) REFERENCES `products` (`product_id`) ON DELETE CASCADE ON UPDATE CASCADE,
  ADD CONSTRAINT `order_items_ibfk_4` FOREIGN KEY (`size_id`) REFERENCES `product_size` (`size_id`) ON DELETE CASCADE ON UPDATE CASCADE,
  ADD CONSTRAINT `order_items_ibfk_5` FOREIGN KEY (`color_id`) REFERENCES `product_color` (`color_id`) ON DELETE CASCADE ON UPDATE CASCADE;

--
-- Constraints for table `order_shipping`
--
ALTER TABLE `order_shipping`
  ADD CONSTRAINT `order_shipping_ibfk_1` FOREIGN KEY (`order_id`) REFERENCES `placed_order` (`order_id`) ON DELETE CASCADE ON UPDATE CASCADE;

--
-- Constraints for table `placed_order`
--
ALTER TABLE `placed_order`
  ADD CONSTRAINT `placed_order_ibfk_3` FOREIGN KEY (`user_id`) REFERENCES `users` (`user_id`) ON DELETE CASCADE ON UPDATE CASCADE;

--
-- Constraints for table `product_category`
--
ALTER TABLE `product_category`
  ADD CONSTRAINT `product_category_ibfk_1` FOREIGN KEY (`product_id`) REFERENCES `products` (`product_id`) ON DELETE CASCADE ON UPDATE CASCADE,
  ADD CONSTRAINT `product_category_ibfk_2` FOREIGN KEY (`category_id`) REFERENCES `category` (`sub_category_id`) ON DELETE CASCADE ON UPDATE CASCADE;

--
-- Constraints for table `product_stock`
--
ALTER TABLE `product_stock`
  ADD CONSTRAINT `product_stock_ibfk_2` FOREIGN KEY (`product_id`) REFERENCES `products` (`product_id`) ON DELETE CASCADE ON UPDATE CASCADE,
  ADD CONSTRAINT `product_stock_ibfk_3` FOREIGN KEY (`size_id`) REFERENCES `product_size` (`size_id`) ON DELETE CASCADE ON UPDATE CASCADE,
  ADD CONSTRAINT `product_stock_ibfk_4` FOREIGN KEY (`color_id`) REFERENCES `product_color` (`color_id`) ON DELETE CASCADE ON UPDATE CASCADE;

--
-- Constraints for table `shopping_cart`
--
ALTER TABLE `shopping_cart`
  ADD CONSTRAINT `shopping_cart_ibfk_1` FOREIGN KEY (`user_id`) REFERENCES `users` (`user_id`) ON DELETE CASCADE ON UPDATE CASCADE,
  ADD CONSTRAINT `shopping_cart_ibfk_2` FOREIGN KEY (`product_id`) REFERENCES `products` (`product_id`) ON DELETE CASCADE ON UPDATE CASCADE,
  ADD CONSTRAINT `shopping_cart_ibfk_4` FOREIGN KEY (`size_id`) REFERENCES `product_size` (`size_id`) ON DELETE CASCADE ON UPDATE CASCADE,
  ADD CONSTRAINT `shopping_cart_ibfk_5` FOREIGN KEY (`color_id`) REFERENCES `product_color` (`color_id`) ON DELETE CASCADE ON UPDATE CASCADE;

--
-- Constraints for table `wishlist`
--
ALTER TABLE `wishlist`
  ADD CONSTRAINT `wishlist_ibfk_1` FOREIGN KEY (`product_id`) REFERENCES `products` (`product_id`) ON DELETE CASCADE ON UPDATE CASCADE,
  ADD CONSTRAINT `wishlist_ibfk_2` FOREIGN KEY (`user_id`) REFERENCES `users` (`user_id`) ON DELETE CASCADE ON UPDATE CASCADE;
COMMIT;

/*!40101 SET CHARACTER_SET_CLIENT=@OLD_CHARACTER_SET_CLIENT */;
/*!40101 SET CHARACTER_SET_RESULTS=@OLD_CHARACTER_SET_RESULTS */;
/*!40101 SET COLLATION_CONNECTION=@OLD_COLLATION_CONNECTION */;
